name,brand,code,category,cost_price,selling_price,stock_quantity,image_url,status,min_stock,last_movement_date,id,created_date,updated_date,created_by_id,created_by,is_sample
"Sabonete natura ","Natura","","Outro","21","34.9","3","","em_estoque","2","2026-01-23T16:40:10.901Z","6973a44a514b5c5f0e04d1b9","2026-01-23T16:39:38.914000","2026-01-23T16:40:11.355000","6963b453afe3460d12b94a9a","marielemodolon24@gmail.com","false"
"Hidratante quinoa 200ml ","O Boticário","48771","Rosto","40","69.9","1","https://base44.app/api/apps/695c5f50ab63f5b9b84216d1/files/public/695c5f50ab63f5b9b84216d1/49973ff50_image.jpg","em_estoque","2","","697122517e525f83b5e73174","2026-01-21T19:00:33.702000","2026-01-21T19:00:33.702000","6963b453afe3460d12b94a9a","marielemodolon24@gmail.com","false"
"Hidratante 200ml rosa e algodão ","O Boticário","","Corpo","38","54.9","1","https://base44.app/api/apps/695c5f50ab63f5b9b84216d1/files/public/695c5f50ab63f5b9b84216d1/de354aedf_image.jpg","em_estoque","2","","69711ffc2137518ed798f818","2026-01-21T18:50:36.702000","2026-01-21T18:50:36.702000","6963b453afe3460d12b94a9a","marielemodolon24@gmail.com","false"
"Porta moeda ","Outro","","Outro","4.5","9","2","https://base44.app/api/apps/695c5f50ab63f5b9b84216d1/files/public/695c5f50ab63f5b9b84216d1/f08d183a9_image.jpg","em_estoque","2","","6970e3741bb6e1dde52ceb54","2026-01-21T14:32:20.133000","2026-01-21T14:32:20.133000","6963b453afe3460d12b94a9a","marielemodolon24@gmail.com","false"
"Lápis de olho preto ","Outro","","Outro","3.34","10","3","https://base44.app/api/apps/695c5f50ab63f5b9b84216d1/files/public/695c5f50ab63f5b9b84216d1/761e6a3e7_image.jpg","em_estoque","2","","6970e2b72ce50197aeb2c5ad","2026-01-21T14:29:11.941000","2026-01-21T14:29:11.941000","6963b453afe3460d12b94a9a","marielemodolon24@gmail.com","false"
"Kit batom infantil ","Outro","","Infantil","2.17","5","6","https://base44.app/api/apps/695c5f50ab63f5b9b84216d1/files/public/695c5f50ab63f5b9b84216d1/c87732b3b_image.jpg","em_estoque","2","","6970e1c1f6e50afeeb5d0252","2026-01-21T14:25:05.596000","2026-01-21T14:25:05.596000","6963b453afe3460d12b94a9a","marielemodolon24@gmail.com","false"
"Kit pincel infantil ","Outro","","Outro","6.5","13","1","https://base44.app/api/apps/695c5f50ab63f5b9b84216d1/files/public/695c5f50ab63f5b9b84216d1/9ff834416_image.jpg","em_estoque","2","","6970e12a92e0abc666c68dc5","2026-01-21T14:22:34.625000","2026-01-21T14:23:44.124000","6963b453afe3460d12b94a9a","marielemodolon24@gmail.com","false"
"Bolsa viagem","Outro","","Outro","43","73","1","https://base44.app/api/apps/695c5f50ab63f5b9b84216d1/files/public/695c5f50ab63f5b9b84216d1/ab099999b_image.jpg","em_estoque","2","","6970dc4b11e9a7b4628ab752","2026-01-21T14:01:47.374000","2026-01-21T14:08:27.752000","6963b453afe3460d12b94a9a","marielemodolon24@gmail.com","false"
"Refil Luna radiante ","Natura","","Corpo","31.43","44.9","2","https://base44.app/api/apps/695c5f50ab63f5b9b84216d1/files/public/695c5f50ab63f5b9b84216d1/acb256646_image.jpg","em_estoque","2","","696f84f4414307abce85e436","2026-01-20T13:36:52.250000","2026-01-20T13:36:52.250000","6963b453afe3460d12b94a9a","marielemodolon24@gmail.com","false"
"Deo corporal luna ","Natura","","Corpo","25","56.9","2","https://base44.app/api/apps/695c5f50ab63f5b9b84216d1/files/public/695c5f50ab63f5b9b84216d1/daf4d5a12_image.jpg","em_estoque","2","","696f84aa7392a6736bfc4d9d","2026-01-20T13:35:38.327000","2026-01-20T13:35:38.327000","6963b453afe3460d12b94a9a","marielemodolon24@gmail.com","false"
"Geleia de banho pitanga ","Outro","","Corpo","16","27","2","https://base44.app/api/apps/695c5f50ab63f5b9b84216d1/files/public/695c5f50ab63f5b9b84216d1/7e72a19ce_image.jpg","em_estoque","2","2026-01-20T13:03:30.163Z","696f7c9c3b3c5416081933d8","2026-01-20T13:01:16.313000","2026-01-20T13:03:30.498000","6963b453afe3460d12b94a9a","marielemodolon24@gmail.com","false"
"Esfoliante Blumen ","Outro","","Corpo","24","35","0","https://base44.app/api/apps/695c5f50ab63f5b9b84216d1/files/public/695c5f50ab63f5b9b84216d1/80127619a_image.jpg","sem_estoque","2","2026-01-19T20:53:30.425Z","696e998706f276f19985aa6d","2026-01-19T20:52:23.071000","2026-01-19T20:53:30.645000","6963b453afe3460d12b94a9a","marielemodolon24@gmail.com","false"
"Body baby","O Boticário","59132","Infantil","81.52","95.9","0","","sem_estoque","2","2026-01-19T20:18:37.575Z","696e90f237f9e6878dcaeeb1","2026-01-19T20:15:46.450000","2026-01-19T20:18:37.936000","6963b453afe3460d12b94a9a","marielemodolon24@gmail.com","false"
"Malbec ","O Boticário","84387","Masculino","178.42","209.9","0","","sem_estoque","2","2026-01-19T20:17:31.327Z","696e90d242fe72933316724a","2026-01-19T20:15:14.064000","2026-01-19T20:17:31.867000","6963b453afe3460d12b94a9a","marielemodolon24@gmail.com","false"
"Lily presente ","O Boticário","86167","Outro","254.92","299.9","0","","sem_estoque","2","2026-01-19T20:17:32.242Z","696e906c8dde72338dd6b0fc","2026-01-19T20:13:32.097000","2026-01-19T20:17:32.451000","6963b453afe3460d12b94a9a","marielemodolon24@gmail.com","false"
"Boti baby","O Boticário","51801","Infantil","29.66","49.9","0","","sem_estoque","2","2026-01-19T20:17:32.649Z","696e9042b022ba3986563a80","2026-01-19T20:12:50.835000","2026-01-19T20:17:33.554000","6963b453afe3460d12b94a9a","marielemodolon24@gmail.com","false"
"Boti baby","O Boticário","52019","Infantil","25.42","43.9","0","","sem_estoque","2","2026-01-19T20:17:33.890Z","696e90234179af37f60c6ff5","2026-01-19T20:12:19.314000","2026-01-19T20:17:34.126000","6963b453afe3460d12b94a9a","marielemodolon24@gmail.com","false"
"Colônia velvet ","Eudora","57550","Perfume","71.18","124.9","0","","sem_estoque","2","2026-01-19T20:08:13.440Z","696e8f2256aa3d3749079930","2026-01-19T20:08:02.760000","2026-01-19T20:08:13.818000","6963b453afe3460d12b94a9a","marielemodolon24@gmail.com","false"
"Esponja coxinha para maquiagem ","Outro","","Maquiagem","2.49","5","4","https://base44.app/api/apps/695c5f50ab63f5b9b84216d1/files/public/695c5f50ab63f5b9b84216d1/87e4af563_image.jpg","em_estoque","2","","696e64d560b703aed7a8a3a9","2026-01-19T17:07:33.214000","2026-01-19T17:07:33.214000","6963b453afe3460d12b94a9a","marielemodolon24@gmail.com","false"
"Tesoura aço mandala ","Outro","","Outro","5.64","12","1","https://base44.app/api/apps/695c5f50ab63f5b9b84216d1/files/public/695c5f50ab63f5b9b84216d1/47d148ed2_image.jpg","em_estoque","2","","696e6482e72cb6f4929732ab","2026-01-19T17:06:10.262000","2026-01-19T17:06:10.262000","6963b453afe3460d12b94a9a","marielemodolon24@gmail.com","false"
"Gel para sobrancelhas ","Outro","","Outro","10.99","22","0","https://base44.app/api/apps/695c5f50ab63f5b9b84216d1/files/public/695c5f50ab63f5b9b84216d1/a3be71f19_image.jpg","sem_estoque","2","2026-01-21T20:23:12.817Z","696e640116d952787c4685c6","2026-01-19T17:04:01.941000","2026-01-21T20:23:13.058000","6963b453afe3460d12b94a9a","marielemodolon24@gmail.com","false"
"Máscara Serum cílios +sobrancelhas ","Outro","","Outro","16.99","34","1","https://base44.app/api/apps/695c5f50ab63f5b9b84216d1/files/public/695c5f50ab63f5b9b84216d1/6e71ac0d8_image.jpg","em_estoque","2","","696e636f1f3eeccc32e68726","2026-01-19T17:01:35.815000","2026-01-19T17:01:35.815000","6963b453afe3460d12b94a9a","marielemodolon24@gmail.com","false"
"Lápis para sobrancelhas","Outro","","Maquiagem","7.99","16","1","https://base44.app/api/apps/695c5f50ab63f5b9b84216d1/files/public/695c5f50ab63f5b9b84216d1/7bd680be3_image.jpg","em_estoque","2","2026-01-19T19:55:41.214Z","696e624f2670e4d5554a9ef6","2026-01-19T16:56:47.032000","2026-01-19T19:55:41.443000","6963b453afe3460d12b94a9a","marielemodolon24@gmail.com","false"
"Pós make ","Outro","","Outro","6.99","15","1","https://base44.app/api/apps/695c5f50ab63f5b9b84216d1/files/public/695c5f50ab63f5b9b84216d1/e99f6dab4_image.jpg","em_estoque","2","","696e61a8002f166248f6d2e1","2026-01-19T16:54:00.407000","2026-01-19T16:54:00.407000","6963b453afe3460d12b94a9a","marielemodolon24@gmail.com","false"
"Esponja de pó ","Outro","","Outro","3.99","7.9","2","https://base44.app/api/apps/695c5f50ab63f5b9b84216d1/files/public/695c5f50ab63f5b9b84216d1/961a54f72_image.jpg","em_estoque","2","","696e610bff9ad155c20a9424","2026-01-19T16:51:23.700000","2026-01-19T16:51:23.700000","6963b453afe3460d12b94a9a","marielemodolon24@gmail.com","false"
"Limpa poros ","Outro","","Outro","1.3","2.8","10","https://base44.app/api/apps/695c5f50ab63f5b9b84216d1/files/public/695c5f50ab63f5b9b84216d1/de551e437_image.jpg","em_estoque","2","","696e603018b2c90efb700013","2026-01-19T16:47:44.175000","2026-01-19T16:47:44.175000","6963b453afe3460d12b94a9a","marielemodolon24@gmail.com","false"
"Máscara fácil sis","Outro","","Rosto","1.3","2.8","10","https://base44.app/api/apps/695c5f50ab63f5b9b84216d1/files/public/695c5f50ab63f5b9b84216d1/c911fc5a1_image.jpg","em_estoque","2","","696e5fca26fa0478118a90c9","2026-01-19T16:46:02.038000","2026-01-19T16:46:02.038000","6963b453afe3460d12b94a9a","marielemodolon24@gmail.com","false"
"Máscara facial colágeno ","Outro","","Unhas","1.3","2.8","9","https://base44.app/api/apps/695c5f50ab63f5b9b84216d1/files/public/695c5f50ab63f5b9b84216d1/1379528d4_image.jpg","em_estoque","2","2026-01-23T11:32:30.414Z","696e5f8eecd6b74a61047300","2026-01-19T16:45:02.362000","2026-01-23T11:32:30.543000","6963b453afe3460d12b94a9a","marielemodolon24@gmail.com","false"
"Paleta de sombras jasmyne","Outro","","Maquiagem","9.99","20","1","https://base44.app/api/apps/695c5f50ab63f5b9b84216d1/files/public/695c5f50ab63f5b9b84216d1/592116d3c_image.jpg","em_estoque","2","","696e5d5a47528b0b5a653ca7","2026-01-19T16:35:38.273000","2026-01-19T16:35:38.273000","6963b453afe3460d12b94a9a","marielemodolon24@gmail.com","false"
"Balm hidratante Mia make ","Outro","","Maquiagem","5.34","11","5","https://base44.app/api/apps/695c5f50ab63f5b9b84216d1/files/public/695c5f50ab63f5b9b84216d1/aeae7bf30_image.jpg","em_estoque","2","2026-01-23T11:32:30.154Z","696e5caf9e4fa9a243c7a620","2026-01-19T16:32:47.674000","2026-01-23T11:32:30.282000","6963b453afe3460d12b94a9a","marielemodolon24@gmail.com","false"
"Mousse de limpeza facial ácido hialurônico ","Outro","","Outro","13.99","28","2","https://base44.app/api/apps/695c5f50ab63f5b9b84216d1/files/public/695c5f50ab63f5b9b84216d1/292306ed4_image.jpg","em_estoque","2","","696e44dba4ee316d1674f35b","2026-01-19T14:51:07.877000","2026-01-19T14:51:07.877000","6963b453afe3460d12b94a9a","marielemodolon24@gmail.com","false"
"Protetor labial pérola ","Outro","","Outro","7.99","15","2","https://base44.app/api/apps/695c5f50ab63f5b9b84216d1/files/public/695c5f50ab63f5b9b84216d1/23c58aea0_image.jpg","em_estoque","2","","696e430228d8b10499c30ad8","2026-01-19T14:43:14.212000","2026-01-19T14:43:14.212000","6963b453afe3460d12b94a9a","marielemodolon24@gmail.com","false"
"Faixa de cabelo ","Outro","","Outro","6.99","14","1","https://base44.app/api/apps/695c5f50ab63f5b9b84216d1/files/public/695c5f50ab63f5b9b84216d1/f6b709f37_image.jpg","em_estoque","2","","696e42a4748d51c74b4c0a50","2026-01-19T14:41:40.419000","2026-01-19T14:41:40.419000","6963b453afe3460d12b94a9a","marielemodolon24@gmail.com","false"
"Paleta de contornno","Outro","","Maquiagem","12","24","2","https://base44.app/api/apps/695c5f50ab63f5b9b84216d1/files/public/695c5f50ab63f5b9b84216d1/b4fdd3c62_image.jpg","em_estoque","2","","696e4279beddda93e1c849ed","2026-01-19T14:40:57.101000","2026-01-21T17:50:33.615000","6963b453afe3460d12b94a9a","marielemodolon24@gmail.com","false"
"Kit com esponja e escova ","Outro","","Outro","12.99","26","2","https://base44.app/api/apps/695c5f50ab63f5b9b84216d1/files/public/695c5f50ab63f5b9b84216d1/5797b85ba_image.jpg","em_estoque","2","","696e41df79f6902ff4d1df2c","2026-01-19T14:38:23.462000","2026-01-19T14:38:23.462000","6963b453afe3460d12b94a9a","marielemodolon24@gmail.com","false"
"Kit com esponja e escova ","Outro","","Outro","12.99","26","1","https://base44.app/api/apps/695c5f50ab63f5b9b84216d1/files/public/695c5f50ab63f5b9b84216d1/5797b85ba_image.jpg","em_estoque","2","","696e41dd5978ce2e6d204695","2026-01-19T14:38:21.923000","2026-01-19T14:38:21.923000","6963b453afe3460d12b94a9a","marielemodolon24@gmail.com","false"
"Fixador de maquiagem ","Outro","","Outro","14.99","29.9","1","https://base44.app/api/apps/695c5f50ab63f5b9b84216d1/files/public/695c5f50ab63f5b9b84216d1/3c82aafd0_image.jpg","em_estoque","2","","696e4157631a54a3b18b0fa4","2026-01-19T14:36:07.417000","2026-01-19T14:36:07.417000","6963b453afe3460d12b94a9a","marielemodolon24@gmail.com","false"
"Kit com 3 pinças ","Hinode","","Outro","7.99","16","1","https://base44.app/api/apps/695c5f50ab63f5b9b84216d1/files/public/695c5f50ab63f5b9b84216d1/fc5d2f6db_image.jpg","em_estoque","2","","696e40fe44c5eeb14872cd10","2026-01-19T14:34:38.332000","2026-01-19T14:34:38.332000","6963b453afe3460d12b94a9a","marielemodolon24@gmail.com","false"
"Lenço íntimo ","Outro","","Outro","3.99","9","1","https://base44.app/api/apps/695c5f50ab63f5b9b84216d1/files/public/695c5f50ab63f5b9b84216d1/99ad89a63_image.jpg","em_estoque","2","","696e40be0aeed86a0294b60c","2026-01-19T14:33:34.639000","2026-01-19T14:33:34.639000","6963b453afe3460d12b94a9a","marielemodolon24@gmail.com","false"
"Protetor labial natural ","Outro","","Maquiagem","6.99","15","2","https://base44.app/api/apps/695c5f50ab63f5b9b84216d1/files/public/695c5f50ab63f5b9b84216d1/b9f8ef69e_image.jpg","em_estoque","2","","696e383db2978653df28554a","2026-01-19T13:57:17.133000","2026-01-19T13:57:17.133000","6963b453afe3460d12b94a9a","marielemodolon24@gmail.com","false"
"Lápis de olho ","Outro","","Outro","8.99","15","3","https://base44.app/api/apps/695c5f50ab63f5b9b84216d1/files/public/695c5f50ab63f5b9b84216d1/425137fa1_image.jpg","em_estoque","2","","696e35fa7de805ffcda1669a","2026-01-19T13:47:38.558000","2026-01-19T13:55:28.341000","6963b453afe3460d12b94a9a","marielemodolon24@gmail.com","false"
"Caneta delineadora ","Outro","","Maquiagem","16.99","28","1","https://base44.app/api/apps/695c5f50ab63f5b9b84216d1/files/public/695c5f50ab63f5b9b84216d1/7595a7284_image.jpg","em_estoque","2","","696e356cfa7220708e6b06c2","2026-01-19T13:45:16.275000","2026-01-19T13:45:16.275000","6963b453afe3460d12b94a9a","marielemodolon24@gmail.com","false"
"Máscara de cílios ","Outro","","Maquiagem","18.99","38","3","https://base44.app/api/apps/695c5f50ab63f5b9b84216d1/files/public/695c5f50ab63f5b9b84216d1/4ebbb847a_image.jpg","em_estoque","2","","696e34ff020401bf732b2639","2026-01-19T13:43:27.966000","2026-01-19T13:43:27.966000","6963b453afe3460d12b94a9a","marielemodolon24@gmail.com","false"
"Gel glitter ","Outro","","Outro","12.99","26","1","https://base44.app/api/apps/695c5f50ab63f5b9b84216d1/files/public/695c5f50ab63f5b9b84216d1/c07c7fec3_image.jpg","em_estoque","2","","696e339e962efd0676e21ba0","2026-01-19T13:37:34.467000","2026-01-19T13:37:34.467000","6963b453afe3460d12b94a9a","marielemodolon24@gmail.com","false"
"Disco de algodão ","Outro","","Outro","7.83","15","6","https://base44.app/api/apps/695c5f50ab63f5b9b84216d1/files/public/695c5f50ab63f5b9b84216d1/ce9022474_image.jpg","em_estoque","2","","696e330ab65be2b364162d5e","2026-01-19T13:35:06.477000","2026-01-19T13:35:06.477000","6963b453afe3460d12b94a9a","marielemodolon24@gmail.com","false"
"Sombra pra sobrancelha ","Outro","","Outro","14.99","29.9","1","https://base44.app/api/apps/695c5f50ab63f5b9b84216d1/files/public/695c5f50ab63f5b9b84216d1/3325117c0_image.jpg","em_estoque","2","","696e32521808689465e22d54","2026-01-19T13:32:02.145000","2026-01-19T13:32:02.145000","6963b453afe3460d12b94a9a","marielemodolon24@gmail.com","false"
"Kit pincel ","Outro","","Maquiagem","19.99","39.9","1","https://base44.app/api/apps/695c5f50ab63f5b9b84216d1/files/public/695c5f50ab63f5b9b84216d1/e128e4351_image.jpg","em_estoque","2","","696e31cf2f850ff86b2548b0","2026-01-19T13:29:51.543000","2026-01-19T13:29:51.543000","6963b453afe3460d12b94a9a","marielemodolon24@gmail.com","false"
"Nude lamo sombras ","Outro","","Maquiagem","26.99","54","1","https://base44.app/api/apps/695c5f50ab63f5b9b84216d1/files/public/695c5f50ab63f5b9b84216d1/943a98a4b_image.jpg","em_estoque","2","","696e2bf9e125d0d6ec719b04","2026-01-19T13:04:57.784000","2026-01-19T13:04:57.784000","6963b453afe3460d12b94a9a","marielemodolon24@gmail.com","false"
"Paleta sombras bello chame ","Outro","","Maquiagem","14.99","29.9","1","https://base44.app/api/apps/695c5f50ab63f5b9b84216d1/files/public/695c5f50ab63f5b9b84216d1/589d43b84_image.jpg","em_estoque","2","","696e2b605a01a56395d9dc2d","2026-01-19T13:02:24.085000","2026-01-19T13:02:24.085000","6963b453afe3460d12b94a9a","marielemodolon24@gmail.com","false"
"Serum facial anti oleosidade ","Outro","","Outro","6.45","20","1","https://base44.app/api/apps/695c5f50ab63f5b9b84216d1/files/public/695c5f50ab63f5b9b84216d1/3d88413a8_image.jpg","em_estoque","2","","696e2ab8e13b0c4164bc45f0","2026-01-19T12:59:36.172000","2026-01-19T12:59:36.172000","6963b453afe3460d12b94a9a","marielemodolon24@gmail.com","false"
"Serum facial vitamina c bela ","Outro","","Rosto","7.99","20","0","https://base44.app/api/apps/695c5f50ab63f5b9b84216d1/files/public/695c5f50ab63f5b9b84216d1/fa649f0f1_image.jpg","sem_estoque","2","2026-01-19T20:53:30.827Z","696e27b5400065ea2505e47b","2026-01-19T12:46:45.711000","2026-01-19T20:53:31.059000","6963b453afe3460d12b94a9a","marielemodolon24@gmail.com","false"
"Sérum facial rosa mosqueta ","Outro","","Outro","8.99","22.9","1","https://base44.app/api/apps/695c5f50ab63f5b9b84216d1/files/public/695c5f50ab63f5b9b84216d1/e18f84027_image.jpg","em_estoque","2","","696e26f2bfbfce51acfec8b6","2026-01-19T12:43:30.194000","2026-01-19T12:45:21.724000","6963b453afe3460d12b94a9a","marielemodolon24@gmail.com","false"
"Cílios postiços macrilan ","Outro","","Maquiagem","26.99","45","1","https://base44.app/api/apps/695c5f50ab63f5b9b84216d1/files/public/695c5f50ab63f5b9b84216d1/22ca6b67a_image.jpg","em_estoque","2","","696e25d1380ba1036a4909b9","2026-01-19T12:38:41.488000","2026-01-19T12:41:44.916000","6963b453afe3460d12b94a9a","marielemodolon24@gmail.com","false"
"Sabonete corpo e rosto porán ","Outro","","Outro","10.99","26.9","1","https://base44.app/api/apps/695c5f50ab63f5b9b84216d1/files/public/695c5f50ab63f5b9b84216d1/c8649bdca_image.jpg","em_estoque","2","","696e251c6205961b71ddaf01","2026-01-19T12:35:40.353000","2026-01-19T12:35:40.353000","6963b453afe3460d12b94a9a","marielemodolon24@gmail.com","false"
"Óleo de rosa mosqueta max love ","Outro","","Outro","10.99","24.9","1","https://base44.app/api/apps/695c5f50ab63f5b9b84216d1/files/public/695c5f50ab63f5b9b84216d1/6e9993838_image.jpg","em_estoque","2","","696e245e1e86b80be007d6c5","2026-01-19T12:32:30.908000","2026-01-19T12:32:30.908000","6963b453afe3460d12b94a9a","marielemodolon24@gmail.com","false"
" Lenço demaquilante Mia make","Outro","","Maquiagem","7.99","14.9","1","https://base44.app/api/apps/695c5f50ab63f5b9b84216d1/files/public/695c5f50ab63f5b9b84216d1/01d6def26_image.jpg","em_estoque","2","","696e23d8540c87e1803386bb","2026-01-19T12:30:16.913000","2026-01-19T12:30:16.913000","6963b453afe3460d12b94a9a","marielemodolon24@gmail.com","false"
"Paleta de sombra febella","Outro","","Maquiagem","20.85","39.9","1","","em_estoque","2","","696e234d64464ab2c1d02870","2026-01-19T12:27:57.119000","2026-01-19T12:27:57.119000","6963b453afe3460d12b94a9a","marielemodolon24@gmail.com","false"
"Paleta de blush e iluminador ruby rose ","Outro","","Maquiagem","24.99","44.9","1","","em_estoque","2","","696e231f6856454ca6df3e7f","2026-01-19T12:27:11.668000","2026-01-19T12:27:11.668000","6963b453afe3460d12b94a9a","marielemodolon24@gmail.com","false"
"Escova polvo ","Outro","","Cabelo","3.33","9.9","6","","em_estoque","2","","696e22b5e1b26c59a15956f4","2026-01-19T12:25:25.341000","2026-01-19T12:25:25.341000","6963b453afe3460d12b94a9a","marielemodolon24@gmail.com","false"
"Lápis Boticário ","O Boticário","77834","Corpo","30.52","54.9","1","https://base44.app/api/apps/695c5f50ab63f5b9b84216d1/files/public/695c5f50ab63f5b9b84216d1/b554a9817_image.jpg","em_estoque","2","2026-01-17T23:20:52.108Z","6967f88849f36b99340c013a","2026-01-14T20:11:52.340000","2026-01-17T23:23:11.186000","6963b453afe3460d12b94a9a","marielemodolon24@gmail.com","false"
"Kit arbo ","O Boticário","49288","Outro","74.72","124.9","1","https://base44.app/api/apps/695c5f50ab63f5b9b84216d1/files/public/695c5f50ab63f5b9b84216d1/c8a7e9759_image.jpg","em_estoque","2","","6967f839140e465da895496f","2026-01-14T20:10:33.047000","2026-01-14T20:10:33.047000","6963b453afe3460d12b94a9a","marielemodolon24@gmail.com","false"
"Mini kit nuvem ","O Boticário","40220","Outro","77.26","112.9","1","https://base44.app/api/apps/695c5f50ab63f5b9b84216d1/files/public/695c5f50ab63f5b9b84216d1/d3af8922f_image.jpg","em_estoque","2","","6967f7f9a1decada95229ad1","2026-01-14T20:09:29.077000","2026-01-14T20:09:29.077000","6963b453afe3460d12b94a9a","marielemodolon24@gmail.com","false"
"Colônia botica 214 verano ","O Boticário","47552","Masculino","141.86","239.9","1","https://base44.app/api/apps/695c5f50ab63f5b9b84216d1/files/public/695c5f50ab63f5b9b84216d1/3125a4ade_image.jpg","em_estoque","2","","6967f76ca1710ce0fb07d326","2026-01-14T20:07:08.593000","2026-01-14T20:07:08.593000","6963b453afe3460d12b94a9a","marielemodolon24@gmail.com","false"
"Colônia clash 100ml","O Boticário","50677","Masculino","106.16","169.9","0","https://base44.app/api/apps/695c5f50ab63f5b9b84216d1/files/public/695c5f50ab63f5b9b84216d1/c238ebf4e_image.jpg","sem_estoque","2","2026-01-20T18:50:44.888Z","6967f4ff59207d87428f551b","2026-01-14T19:56:47.379000","2026-01-20T18:50:45.462000","6963b453afe3460d12b94a9a","marielemodolon24@gmail.com","false"
"Colônia Quasar Rush ","O Boticário","50820","Masculino","73.87","174.9","1","https://base44.app/api/apps/695c5f50ab63f5b9b84216d1/files/public/695c5f50ab63f5b9b84216d1/c9be6c6dc_image.jpg","em_estoque","2","","6967f4aa1a9bae18132bc8ec","2026-01-14T19:55:22.815000","2026-01-14T19:55:22.815000","6963b453afe3460d12b94a9a","marielemodolon24@gmail.com","false"
"Colônia Connexion ","O Boticário","27707","Masculino","88.32","174.9","1","https://base44.app/api/apps/695c5f50ab63f5b9b84216d1/files/public/695c5f50ab63f5b9b84216d1/0f318ccac_image.jpg","em_estoque","2","","6967f3be74dc7ae3ee0d47f0","2026-01-14T19:51:26.797000","2026-01-14T19:51:26.797000","6963b453afe3460d12b94a9a","marielemodolon24@gmail.com","false"
"Colônia egeo blue","O Boticário","82688","Perfume","118.92","154.9","0","https://base44.app/api/apps/695c5f50ab63f5b9b84216d1/files/public/695c5f50ab63f5b9b84216d1/f05166f79_image.jpg","sem_estoque","2","2026-01-21T20:23:11.973Z","6967f35b1b73db42be343f2a","2026-01-14T19:49:47.993000","2026-01-21T20:23:12.232000","6963b453afe3460d12b94a9a","marielemodolon24@gmail.com","false"
"Colônia egeo dolce ","O Boticário","82688","Perfume","118.92","154.9","1","https://base44.app/api/apps/695c5f50ab63f5b9b84216d1/files/public/695c5f50ab63f5b9b84216d1/5251216f2_image.jpg","em_estoque","2","","6967f30d1cf3f79d2821c3a9","2026-01-14T19:48:29.740000","2026-01-14T19:48:29.740000","6963b453afe3460d12b94a9a","marielemodolon24@gmail.com","false"
"Botica 214 paradise","O Boticário","51387","Perfume","121.4","239.9","1","https://base44.app/api/apps/695c5f50ab63f5b9b84216d1/files/public/695c5f50ab63f5b9b84216d1/bbba5a64a_image.jpg","em_estoque","2","","6967f2b8426725bc6d5fcbd7","2026-01-14T19:47:04.363000","2026-01-14T19:47:04.363000","6963b453afe3460d12b94a9a","marielemodolon24@gmail.com","false"
"Antitranspirante lily ","O Boticário","48696","Outro","25.94","39.9","2","https://base44.app/api/apps/695c5f50ab63f5b9b84216d1/files/public/695c5f50ab63f5b9b84216d1/8e26d110b_image.jpg","em_estoque","2","","6967f2511b0ac383db8f6268","2026-01-14T19:45:21.262000","2026-01-14T19:45:21.262000","6963b453afe3460d12b94a9a","marielemodolon24@gmail.com","false"
"Antitranspirante arbo ","O Boticário","83960","Kit","25.43","39.9","2","https://base44.app/api/apps/695c5f50ab63f5b9b84216d1/files/public/695c5f50ab63f5b9b84216d1/c9a7c39b3_image.jpg","em_estoque","2","","6967f18c8c51999d22c14ac6","2026-01-14T19:42:04.480000","2026-01-14T19:42:04.480000","6963b453afe3460d12b94a9a","marielemodolon24@gmail.com","false"
"Creme pré e pós barba da clash ","O Boticário","86868","Masculino","42.42","62.9","0","https://base44.app/api/apps/695c5f50ab63f5b9b84216d1/files/public/695c5f50ab63f5b9b84216d1/f50210a85_image.jpg","sem_estoque","2","2026-01-21T20:23:12.421Z","6967f0c1af0b143afc680a3f","2026-01-14T19:38:41.305000","2026-01-21T20:23:12.592000","6963b453afe3460d12b94a9a","marielemodolon24@gmail.com","false"
"Body splash egeo dolce","O Boticário","74893","Perfume","33.92","49.9","0","https://base44.app/api/apps/695c5f50ab63f5b9b84216d1/files/public/695c5f50ab63f5b9b84216d1/fc90f7930_image.jpg","sem_estoque","2","2026-01-23T11:32:29.879Z","6967f0773a999d1948969b77","2026-01-14T19:37:27.617000","2026-01-23T11:32:30.009000","6963b453afe3460d12b94a9a","marielemodolon24@gmail.com","false"
"Hidratante Her code clímax ","O Boticário","85947","Corpo","46.66","67.9","1","https://base44.app/api/apps/695c5f50ab63f5b9b84216d1/files/public/695c5f50ab63f5b9b84216d1/c9c2b7fd6_image.jpg","em_estoque","2","","6967f00f909f4bec496bc0bf","2026-01-14T19:35:43.111000","2026-01-14T19:35:43.111000","6963b453afe3460d12b94a9a","marielemodolon24@gmail.com","false"
"Hidrante 200ml nuvem ","O Boticário","49890","Corpo","27.96","54.9","0","https://base44.app/api/apps/695c5f50ab63f5b9b84216d1/files/public/695c5f50ab63f5b9b84216d1/cba6a9373_image.jpg","em_estoque","2","","6967ef9a2d07f576de94a324","2026-01-14T19:33:46.260000","2026-01-14T19:33:46.260000","6963b453afe3460d12b94a9a","marielemodolon24@gmail.com","false"
"Hidratante show de banho 400ml","O Boticário","53508","Corpo","47.52","74.9","1","https://base44.app/api/apps/695c5f50ab63f5b9b84216d1/files/public/695c5f50ab63f5b9b84216d1/80b1ae681_image.jpg","em_estoque","2","","6967ef577b6572d89c70cf8b","2026-01-14T19:32:39.249000","2026-01-14T19:32:39.249000","6963b453afe3460d12b94a9a","marielemodolon24@gmail.com","false"
"Hidrante masculino clássico","O Boticário","86869","Masculino","39.02","57.9","1","https://base44.app/api/apps/695c5f50ab63f5b9b84216d1/files/public/695c5f50ab63f5b9b84216d1/1b34d9a4a_image.jpg","em_estoque","2","","6967ed89ffad6588be8567ce","2026-01-14T19:24:57.883000","2026-01-14T19:24:57.883000","6963b453afe3460d12b94a9a","marielemodolon24@gmail.com","false"
"Kit presente obrigada ","O Boticário","8409","Corpo","41.56","48.9","2","https://base44.app/api/apps/695c5f50ab63f5b9b84216d1/files/public/695c5f50ab63f5b9b84216d1/6b7bf84dc_image.jpg","em_estoque","2","","6967ecb0a3ae2b2b05f974db","2026-01-14T19:21:20.034000","2026-01-14T19:21:20.034000","6963b453afe3460d12b94a9a","marielemodolon24@gmail.com","false"
"Máscara capilar Boticário ","O Boticário","56811","Cabelo","35.62","69.9","1","https://base44.app/api/apps/695c5f50ab63f5b9b84216d1/files/public/695c5f50ab63f5b9b84216d1/5b020285a_image.jpg","em_estoque","2","","6967ec2249f36b99340bfbd5","2026-01-14T19:18:58.224000","2026-01-14T19:18:58.224000","6963b453afe3460d12b94a9a","marielemodolon24@gmail.com","false"
"Tônico crescimento Boticário ","O Boticário","56812","Cabelo","24.56","57.9","1","https://base44.app/api/apps/695c5f50ab63f5b9b84216d1/files/public/695c5f50ab63f5b9b84216d1/02fd83a5e_image.jpg","em_estoque","2","","6967ebb108c750d068ef4226","2026-01-14T19:17:05.489000","2026-01-14T19:17:05.489000","6963b453afe3460d12b94a9a","marielemodolon24@gmail.com","false"
"Condicionador crescimento Boticário ","O Boticário","56820","Cabelo","29.66","49.9","1","https://base44.app/api/apps/695c5f50ab63f5b9b84216d1/files/public/695c5f50ab63f5b9b84216d1/1a28c6c19_image.jpg","em_estoque","2","","6967eb501c7edaa730580b93","2026-01-14T19:15:28.610000","2026-01-14T19:15:28.610000","6963b453afe3460d12b94a9a","marielemodolon24@gmail.com","false"
"Shampoo crescimento Boticário ","O Boticário","56809","Cabelo","28.82","47.9","1","https://base44.app/api/apps/695c5f50ab63f5b9b84216d1/files/public/695c5f50ab63f5b9b84216d1/89476107f_image.jpg","em_estoque","2","","6967eb078847ba4f102953f9","2026-01-14T19:14:15.657000","2026-01-14T19:14:15.657000","6963b453afe3460d12b94a9a","marielemodolon24@gmail.com","false"
"Máscara reconstrução capital Boticário ","O Boticário","86295","Cabelo","35.62","69.9","1","https://base44.app/api/apps/695c5f50ab63f5b9b84216d1/files/public/695c5f50ab63f5b9b84216d1/bcab57824_image.jpg","em_estoque","2","","6967eaae140e465da8953470","2026-01-14T19:12:46.007000","2026-01-14T19:12:46.007000","6963b453afe3460d12b94a9a","marielemodolon24@gmail.com","false"
"Condicionador reconstrução Boticário ","O Boticário","56805","Cabelo","29.66","49.9","1","https://base44.app/api/apps/695c5f50ab63f5b9b84216d1/files/public/695c5f50ab63f5b9b84216d1/8021904fe_image.jpg","em_estoque","2","","6967ea50af4dd1b76e5ff014","2026-01-14T19:11:12.805000","2026-01-14T19:11:12.805000","6963b453afe3460d12b94a9a","marielemodolon24@gmail.com","false"
"Shampoo reconstrução Boticário ","O Boticário","56819","Cabelo","28.82","47.9","1","https://base44.app/api/apps/695c5f50ab63f5b9b84216d1/files/public/695c5f50ab63f5b9b84216d1/cb3f5dfee_image.jpg","em_estoque","2","","6967ea104bfd75df2ced3903","2026-01-14T19:10:08.818000","2026-01-14T19:10:08.818000","6963b453afe3460d12b94a9a","marielemodolon24@gmail.com","false"
"Body spray malbec bleu ","O Boticário","50125","Kit","29.66","49.9","1","https://base44.app/api/apps/695c5f50ab63f5b9b84216d1/files/public/695c5f50ab63f5b9b84216d1/14d5b7de4_image.jpg","em_estoque","2","","6967e9b261e4b9e3490c56a8","2026-01-14T19:08:34.100000","2026-01-14T19:08:34.100000","6963b453afe3460d12b94a9a","marielemodolon24@gmail.com","false"
"Creme reparador hidratante boti baby","O Boticário","51805","Infantil","39.86","67.9","1","https://base44.app/api/apps/695c5f50ab63f5b9b84216d1/files/public/695c5f50ab63f5b9b84216d1/09be2368d_image.jpg","em_estoque","2","","6967e8fc6fb1a66bd7eda2e6","2026-01-14T19:05:32.271000","2026-01-14T19:05:32.271000","6963b453afe3460d12b94a9a","marielemodolon24@gmail.com","false"
"Óleo corporal hidrante ","O Boticário","85097","Corpo","64.52","94.9","1","https://base44.app/api/apps/695c5f50ab63f5b9b84216d1/files/public/695c5f50ab63f5b9b84216d1/1fc95d16e_image.jpg","em_estoque","2","","6967e7855fbd8dc5279b5b88","2026-01-14T18:59:17.030000","2026-01-14T18:59:17.030000","6963b453afe3460d12b94a9a","marielemodolon24@gmail.com","false"
"Gel de limpeza ","O Boticário","59873","Rosto","50.06","84.9","1","https://base44.app/api/apps/695c5f50ab63f5b9b84216d1/files/public/695c5f50ab63f5b9b84216d1/9220ee613_image.jpg","em_estoque","2","","6967e6a1ede6edfe24527b41","2026-01-14T18:55:29.930000","2026-01-14T18:55:29.930000","6963b453afe3460d12b94a9a","marielemodolon24@gmail.com","false"
"Reparador labial ","O Boticário","84808","Rosto","23.72","39.9","1","https://base44.app/api/apps/695c5f50ab63f5b9b84216d1/files/public/695c5f50ab63f5b9b84216d1/2bcb7dc8b_image.jpg","em_estoque","2","","6967e6615bf113ea9a114d79","2026-01-14T18:54:25.818000","2026-01-14T18:54:25.818000","6963b453afe3460d12b94a9a","marielemodolon24@gmail.com","false"
"Creme facial multirreparador ","O Boticário","59876","Rosto","35.62","59.9","1","https://base44.app/api/apps/695c5f50ab63f5b9b84216d1/files/public/695c5f50ab63f5b9b84216d1/d1669d5de_image.jpg","em_estoque","2","","6967e610594e8e5243d17ed9","2026-01-14T18:53:04.185000","2026-01-14T18:53:04.185000","6963b453afe3460d12b94a9a","marielemodolon24@gmail.com","false"
"Água micelar reparadora ","O Boticário","59875","Rosto","47.52","79.9","1","https://base44.app/api/apps/695c5f50ab63f5b9b84216d1/files/public/695c5f50ab63f5b9b84216d1/e6b7e0847_image.jpg","em_estoque","2","","6967e5c1b0da24067baf16d0","2026-01-14T18:51:45.033000","2026-01-14T18:51:45.033000","6963b453afe3460d12b94a9a","marielemodolon24@gmail.com","false"
"Sabonete pessegura 4 unidade ","O Boticário","50879","Corpo","22.02","36.9","1","https://base44.app/api/apps/695c5f50ab63f5b9b84216d1/files/public/695c5f50ab63f5b9b84216d1/933e12b32_image.jpg","em_estoque","2","","6967e5678f3202621dab112a","2026-01-14T18:50:15.401000","2026-01-14T18:50:15.401000","6963b453afe3460d12b94a9a","marielemodolon24@gmail.com","false"
"Hidratante prazer Berê","O Boticário","51888","Corpo","27.13","42.9","2","https://base44.app/api/apps/695c5f50ab63f5b9b84216d1/files/public/695c5f50ab63f5b9b84216d1/6902ba4fb_image.jpg","em_estoque","2","","6967def5a3ae2b2b05f96ce0","2026-01-14T18:22:45.994000","2026-01-14T18:22:45.994000","6963b453afe3460d12b94a9a","marielemodolon24@gmail.com","false"
"Hidratante nativa SPA ameixa negra 400ml","O Boticário","48281","Corpo","58.56","86.9","0","https://base44.app/api/apps/695c5f50ab63f5b9b84216d1/files/public/695c5f50ab63f5b9b84216d1/d66afbdf0_image.jpg","sem_estoque","2","2026-01-23T16:40:24.014Z","6967de9fbb8eee170510084c","2026-01-14T18:21:19.182000","2026-01-23T16:40:24.352000","6963b453afe3460d12b94a9a","marielemodolon24@gmail.com","false"
"Malbec roll on ","O Boticário","48381","Masculino","19.06","29.9","2","https://base44.app/api/apps/695c5f50ab63f5b9b84216d1/files/public/695c5f50ab63f5b9b84216d1/95f80a861_image.jpg","em_estoque","2","","6967de43c362f0356873b7a8","2026-01-14T18:19:47.834000","2026-01-14T18:19:47.834000","6963b453afe3460d12b94a9a","marielemodolon24@gmail.com","false"
"Creme acetinado lily ","O Boticário","48060","Corpo","104.46","144.9","0","https://base44.app/api/apps/695c5f50ab63f5b9b84216d1/files/public/695c5f50ab63f5b9b84216d1/db68d83c1_image.jpg","sem_estoque","2","2026-01-20T13:03:30.980Z","6967dd32b3680b61eea0f995","2026-01-14T18:15:14.601000","2026-01-20T13:03:31.304000","6963b453afe3460d12b94a9a","marielemodolon24@gmail.com","false"
"Creme acetinado love Lili","O Boticário","48058","Corpo","104.46","144.9","1","https://base44.app/api/apps/695c5f50ab63f5b9b84216d1/files/public/695c5f50ab63f5b9b84216d1/2bdb4741d_image.jpg","em_estoque","2","","6967dcdaca37a6ce934fbaa7","2026-01-14T18:13:46.128000","2026-01-14T18:13:46.128000","6963b453afe3460d12b94a9a","marielemodolon24@gmail.com","false"
"Sabonetes 4 unidades nuvem","Natura","51227","Corpo","24.56","36.9","0","https://base44.app/api/apps/695c5f50ab63f5b9b84216d1/files/public/695c5f50ab63f5b9b84216d1/01f6c06d9_image.jpg","em_estoque","2","","6967dc8cc7136b3750c11a53","2026-01-14T18:12:28.408000","2026-01-14T18:12:28.408000","6963b453afe3460d12b94a9a","marielemodolon24@gmail.com","false"
"Sabonete mixed 4 unidades ","O Boticário","85547","Outro","24.56","36.9","1","https://base44.app/api/apps/695c5f50ab63f5b9b84216d1/files/public/695c5f50ab63f5b9b84216d1/7e4b61d82_image.jpg","em_estoque","2","","69679b6d76b9c85a86d3d666","2026-01-14T13:34:37.959000","2026-01-14T13:34:37.959000","6963b453afe3460d12b94a9a","marielemodolon24@gmail.com","false"
"Antitranspirante egeo blue","O Boticário","53930","Masculino","25.43","39.9","2","https://base44.app/api/apps/695c5f50ab63f5b9b84216d1/files/public/695c5f50ab63f5b9b84216d1/d694c21e6_image.jpg","em_estoque","2","","69679a96e163c791614894b2","2026-01-14T13:31:02.879000","2026-01-14T13:31:02.879000","6963b453afe3460d12b94a9a","marielemodolon24@gmail.com","false"
"Colônia da lua ","O Boticário","59132","Infantil","56.86","95.9","1","https://base44.app/api/apps/695c5f50ab63f5b9b84216d1/files/public/695c5f50ab63f5b9b84216d1/77e83b618_image.jpg","em_estoque","2","","6967965a47a0d544cfc09ba7","2026-01-14T13:12:58.112000","2026-01-14T13:12:58.112000","6963b453afe3460d12b94a9a","marielemodolon24@gmail.com","false"
"Loção banho boti baby da lua","O Boticário","59845","Infantil","38.16","63.9","1","https://base44.app/api/apps/695c5f50ab63f5b9b84216d1/files/public/695c5f50ab63f5b9b84216d1/577f3f9ce_image.jpg","em_estoque","2","","696795e84d37b96f569dfe28","2026-01-14T13:11:04.390000","2026-01-14T13:11:04.390000","6963b453afe3460d12b94a9a","marielemodolon24@gmail.com","false"
"Sabonete líquido 200ml","O Boticário","51801","Infantil","29.66","49.9","1","https://base44.app/api/apps/695c5f50ab63f5b9b84216d1/files/public/695c5f50ab63f5b9b84216d1/a244d9ca2_image.jpg","em_estoque","2","","6967953d44048701a7461cc4","2026-01-14T13:08:13.913000","2026-01-14T13:08:13.913000","6963b453afe3460d12b94a9a","marielemodolon24@gmail.com","false"
"Shampoo  botei baby 200ml","O Boticário","52019","Infantil","25.42","43.9","1","https://base44.app/api/apps/695c5f50ab63f5b9b84216d1/files/public/695c5f50ab63f5b9b84216d1/4ccf761ae_image.jpg","em_estoque","2","","696794dcce14056ea5854ece","2026-01-14T13:06:36.725000","2026-01-14T13:06:36.725000","6963b453afe3460d12b94a9a","marielemodolon24@gmail.com","false"
"Espuma de limpeza nutritiva 150ml","O Boticário","59172","Outro","49.22","79.9","1","https://base44.app/api/apps/695c5f50ab63f5b9b84216d1/files/public/695c5f50ab63f5b9b84216d1/d2560dd8d_image.jpg","em_estoque","2","","696791c7fc01942811aae835","2026-01-14T12:53:27.581000","2026-01-14T12:53:27.581000","6963b453afe3460d12b94a9a","marielemodolon24@gmail.com","false"
"Shampoo anti oleosidade ","O Boticário","59031","Outro","47.52","55.9","1","https://base44.app/api/apps/695c5f50ab63f5b9b84216d1/files/public/695c5f50ab63f5b9b84216d1/47fb39825_image.jpg","em_estoque","2","","69678e34416c1b94450d287c","2026-01-14T12:38:12.782000","2026-01-14T12:38:12.782000","6963b453afe3460d12b94a9a","marielemodolon24@gmail.com","false"
"Sabonete líquido íntimo nuvem ","O Boticário","52757","Outro","28.82","47.9","1","https://base44.app/api/apps/695c5f50ab63f5b9b84216d1/files/public/695c5f50ab63f5b9b84216d1/a937b5c2f_image.jpg","em_estoque","2","","69678de99e6991a1933cdac7","2026-01-14T12:36:57.951000","2026-01-14T12:36:57.951000","6963b453afe3460d12b94a9a","marielemodolon24@gmail.com","false"
"Creme de barbear essencial ","Natura","114277","Rosto","48.23","68.9","1","https://base44.app/api/apps/695c5f50ab63f5b9b84216d1/files/public/695c5f50ab63f5b9b84216d1/aa4049f65_image.jpg","em_estoque","2","","6966a3444191b23965d86c71","2026-01-13T19:55:48.787000","2026-01-13T19:55:48.787000","6963b453afe3460d12b94a9a","marielemodolon24@gmail.com","false"
"Colônia kaiak Pulso","Natura","108403","Perfume","132.93","189.9","0","https://base44.app/api/apps/695c5f50ab63f5b9b84216d1/files/public/695c5f50ab63f5b9b84216d1/06cd264d2_image.jpg","sem_estoque","2","2026-01-13T23:54:32.466Z","6966a2c9a09614bdd1d9cee1","2026-01-13T19:53:45.014000","2026-01-13T23:54:32.817000","6963b453afe3460d12b94a9a","marielemodolon24@gmail.com","false"
"Colônia Sr.N","Natura","30410","Perfume","115.43","164.9","1","https://base44.app/api/apps/695c5f50ab63f5b9b84216d1/files/public/695c5f50ab63f5b9b84216d1/63276e584_image.jpg","em_estoque","2","","6966a262ae7119399731a4b2","2026-01-13T19:52:02.503000","2026-01-13T19:52:02.503000","6963b453afe3460d12b94a9a","marielemodolon24@gmail.com","false"
"Deo corporal SR N","Natura","85393","Perfume","39.83","56.9","1","https://base44.app/api/apps/695c5f50ab63f5b9b84216d1/files/public/695c5f50ab63f5b9b84216d1/46fcab3fc_image.jpg","em_estoque","2","","6966a1c8ad6817aa233fdb86","2026-01-13T19:49:28.784000","2026-01-13T19:49:28.784000","6963b453afe3460d12b94a9a","marielemodolon24@gmail.com","false"
"Deo corporal kaiak pulso ","Natura","","Perfume","39.84","56.9","1","https://base44.app/api/apps/695c5f50ab63f5b9b84216d1/files/public/695c5f50ab63f5b9b84216d1/fe5f82693_image.jpg","em_estoque","2","","69669dc0c2d85004434ec324","2026-01-13T19:32:16.099000","2026-01-13T19:32:16.099000","6963b453afe3460d12b94a9a","marielemodolon24@gmail.com","false"
"Deo corporal kaiak urbe ","Natura","56747","Perfume","39.83","56.9","0","https://base44.app/api/apps/695c5f50ab63f5b9b84216d1/files/public/695c5f50ab63f5b9b84216d1/c61e0b7db_image.jpg","sem_estoque","2","2026-01-20T18:51:08.440Z","69669cbddf2f509a67d6d7a2","2026-01-13T19:27:57.406000","2026-01-20T18:51:09.599000","6963b453afe3460d12b94a9a","marielemodolon24@gmail.com","false"
"Refil kaiak pulso ","Natura","56948","Perfume","20.93","29.9","2","https://base44.app/api/apps/695c5f50ab63f5b9b84216d1/files/public/695c5f50ab63f5b9b84216d1/8936acc01_image.jpg","em_estoque","2","","69669c4f8c75665801630878","2026-01-13T19:26:07.295000","2026-01-13T19:26:07.295000","6963b453afe3460d12b94a9a","marielemodolon24@gmail.com","false"
"Desodorante roll on ","Natura","189396","Corpo","20.93","29.9","1","https://base44.app/api/apps/695c5f50ab63f5b9b84216d1/files/public/695c5f50ab63f5b9b84216d1/be6f07071_image.jpg","em_estoque","2","2026-01-13T23:54:32.874Z","69669b93872c23c533bf6e7d","2026-01-13T19:22:59.229000","2026-01-13T23:54:33.306000","6963b453afe3460d12b94a9a","marielemodolon24@gmail.com","false"
"Desodorante roll on algodão ","Natura","189401","Corpo","20.93","29.9","1","https://base44.app/api/apps/695c5f50ab63f5b9b84216d1/files/public/695c5f50ab63f5b9b84216d1/0fd4fb2d5_image.jpg","em_estoque","2","","696699fbb4dd2fb8b04f3b34","2026-01-13T19:16:11.905000","2026-01-13T19:16:11.905000","6963b453afe3460d12b94a9a","marielemodolon24@gmail.com","false"
"Desodorante roll on macadâmia ","Natura","189402","Corpo","20.93","29.9","2","https://base44.app/api/apps/695c5f50ab63f5b9b84216d1/files/public/695c5f50ab63f5b9b84216d1/a92c8015d_image.jpg","em_estoque","2","","6966979d529ce81b92b4a9a1","2026-01-13T19:06:05.668000","2026-01-13T19:14:01.500000","6963b453afe3460d12b94a9a","marielemodolon24@gmail.com","false"
"Creme de mão algodão ","Natura","72178","Corpo","27.93","39.9","0","https://base44.app/api/apps/695c5f50ab63f5b9b84216d1/files/public/695c5f50ab63f5b9b84216d1/7c5ccb019_image.jpg","sem_estoque","2","2026-01-13T23:54:33.282Z","696696dc3d929f56871210a6","2026-01-13T19:02:52.923000","2026-01-13T23:54:33.638000","6963b453afe3460d12b94a9a","marielemodolon24@gmail.com","false"
"Creme de mão macadâmia ","Natura","","Corpo","27.93","39.9","1","https://base44.app/api/apps/695c5f50ab63f5b9b84216d1/files/public/695c5f50ab63f5b9b84216d1/6f696d0e9_image.jpg","em_estoque","2","","69669674a93e75c86bb28d33","2026-01-13T19:01:08.221000","2026-01-13T19:01:08.221000","6963b453afe3460d12b94a9a","marielemodolon24@gmail.com","false"
"Sabonete líquido alecrim e sálvia ","Natura","7740","Corpo","35.63","50.9","1","https://base44.app/api/apps/695c5f50ab63f5b9b84216d1/files/public/695c5f50ab63f5b9b84216d1/3d520db91_image.jpg","em_estoque","2","","696694d6534b77f6515d660e","2026-01-13T18:54:14.253000","2026-01-13T18:54:14.253000","6963b453afe3460d12b94a9a","marielemodolon24@gmail.com","false"
"Sabonete líquido manga rosa e água de coco","Natura","5870","Corpo","35.63","50.9","1","https://base44.app/api/apps/695c5f50ab63f5b9b84216d1/files/public/695c5f50ab63f5b9b84216d1/4b0b9f06f_image.jpg","em_estoque","2","","6966941e47709f81fa7e2b83","2026-01-13T18:51:10.743000","2026-01-13T18:51:10.743000","6963b453afe3460d12b94a9a","marielemodolon24@gmail.com","false"
"Shampoo nutritivo","Natura","154869","Cabelo","25.13","35.9","1","https://base44.app/api/apps/695c5f50ab63f5b9b84216d1/files/public/695c5f50ab63f5b9b84216d1/319f0d03e_image.jpg","em_estoque","2","","69668d47ab16320671f458f3","2026-01-13T18:21:59.727000","2026-01-13T18:21:59.727000","6963b453afe3460d12b94a9a","marielemodolon24@gmail.com","false"
"Condicionador pêssego e amêndoa ","Natura","154870","Cabelo","26.53","37.9","1","https://base44.app/api/apps/695c5f50ab63f5b9b84216d1/files/public/695c5f50ab63f5b9b84216d1/23dba61fa_image.jpg","em_estoque","2","","69668cc813c51b05645ca17e","2026-01-13T18:19:52.874000","2026-01-13T18:19:52.874000","6963b453afe3460d12b94a9a","marielemodolon24@gmail.com","false"
"Spray hidratante ","Natura","156235","Cabelo","32.13","45.9","1","https://base44.app/api/apps/695c5f50ab63f5b9b84216d1/files/public/695c5f50ab63f5b9b84216d1/06470b65b_image.jpg","em_estoque","2","","69668aff0068f89ec37ee7dc","2026-01-13T18:12:15.122000","2026-01-13T18:12:15.122000","6963b453afe3460d12b94a9a","marielemodolon24@gmail.com","false"
"Condicionador hidratante todo dia","Natura","154873","Cabelo","26.53","37.9","1","https://base44.app/api/apps/695c5f50ab63f5b9b84216d1/files/public/695c5f50ab63f5b9b84216d1/93140128b_image.jpg","em_estoque","2","","69668ab74cb4d0480a5f663d","2026-01-13T18:11:03.838000","2026-01-13T18:11:03.838000","6963b453afe3460d12b94a9a","marielemodolon24@gmail.com","false"
"Shampoo hidratante todo dia","Natura","154866","Cabelo","25.13","35.9","1","https://base44.app/api/apps/695c5f50ab63f5b9b84216d1/files/public/695c5f50ab63f5b9b84216d1/25c16274d_image.jpg","em_estoque","2","","69668a70da66c0ecf20a814b","2026-01-13T18:09:52.253000","2026-01-13T18:09:52.253000","6963b453afe3460d12b94a9a","marielemodolon24@gmail.com","false"
" Hidratante Cereja e avelã 400ml","Natura","","Corpo","55.23","78.9","1","https://base44.app/api/apps/695c5f50ab63f5b9b84216d1/files/public/695c5f50ab63f5b9b84216d1/e64aafd3b_image.jpg","em_estoque","2","","696687d658005ea1513c7c23","2026-01-13T17:58:46.494000","2026-01-13T17:58:46.494000","6963b453afe3460d12b94a9a","marielemodolon24@gmail.com","false"
"Hidratante noz pecã e cacau 400ml","Natura","2820","Corpo","55.23","78.9","1","https://base44.app/api/apps/695c5f50ab63f5b9b84216d1/files/public/695c5f50ab63f5b9b84216d1/6a168c149_image.jpg","em_estoque","2","","6966878bc2cbb167ffdb4200","2026-01-13T17:57:31.284000","2026-01-13T17:57:31.284000","6963b453afe3460d12b94a9a","marielemodolon24@gmail.com","false"
"Hidratante capim limão e hortelã ","Natura","109156","Corpo","55.23","78.9","1","https://base44.app/api/apps/695c5f50ab63f5b9b84216d1/files/public/695c5f50ab63f5b9b84216d1/9d5eaab52_image.jpg","em_estoque","2","","696686f31d3223aed729737a","2026-01-13T17:54:59.004000","2026-01-13T17:54:59.004000","6963b453afe3460d12b94a9a","marielemodolon24@gmail.com","false"
"Hidratante macadâmia 400ml","Natura","2814","Corpo","55.23","78.9","1","https://base44.app/api/apps/695c5f50ab63f5b9b84216d1/files/public/695c5f50ab63f5b9b84216d1/28c2e73ca_image.jpg","em_estoque","2","","696686a72f055e117e7e2908","2026-01-13T17:53:43.691000","2026-01-13T17:53:43.691000","6963b453afe3460d12b94a9a","marielemodolon24@gmail.com","false"
"Deo corporal Luna ","Natura","69200","Perfume","39.83","56.9","1","https://base44.app/api/apps/695c5f50ab63f5b9b84216d1/files/public/695c5f50ab63f5b9b84216d1/921114fe9_image.jpg","em_estoque","2","","6966840a19c78f87d2fdf2da","2026-01-13T17:42:34.595000","2026-01-13T17:42:34.595000","6963b453afe3460d12b94a9a","marielemodolon24@gmail.com","false"
"Colônia Luna Ousadia","Natura","128615","Perfume","130.13","185.9","1","https://base44.app/api/apps/695c5f50ab63f5b9b84216d1/files/public/695c5f50ab63f5b9b84216d1/48c98c22b_image.jpg","em_estoque","2","","696682f719b310b6504602f8","2026-01-13T17:37:59.639000","2026-01-13T17:37:59.639000","6963b453afe3460d12b94a9a","marielemodolon24@gmail.com","false"
"Deo perfume ilía ","Natura","54522","Perfume","139.93","199.9","1","https://base44.app/api/apps/695c5f50ab63f5b9b84216d1/files/public/695c5f50ab63f5b9b84216d1/bfcb153ba_image.jpg","em_estoque","2","","696681e8d29ddc9d2fd714bd","2026-01-13T17:33:28.446000","2026-01-13T17:33:28.446000","6963b453afe3460d12b94a9a","marielemodolon24@gmail.com","false"
"Colônia Meu primeiro humor ","Natura","86723","Perfume","115.43","164.9","1","https://base44.app/api/apps/695c5f50ab63f5b9b84216d1/files/public/695c5f50ab63f5b9b84216d1/6c8fc0d69_image.jpg","em_estoque","2","","69667fbad9f8a4c343e3cf6f","2026-01-13T17:24:10.161000","2026-01-13T17:24:10.161000","6963b453afe3460d12b94a9a","marielemodolon24@gmail.com","false"
"Condicionador mmbb","Natura","92793","Infantil","32.13","45.9","1","https://base44.app/api/apps/695c5f50ab63f5b9b84216d1/files/public/695c5f50ab63f5b9b84216d1/55d7578ab_image.jpg","em_estoque","2","","69667da3d2cb3b9efbb171d2","2026-01-13T17:15:15.542000","2026-01-13T17:15:15.542000","6963b453afe3460d12b94a9a","marielemodolon24@gmail.com","false"
"Hidratante sem fragrância ","Natura","196423","Infantil","37.03","69.9","1","https://base44.app/api/apps/695c5f50ab63f5b9b84216d1/files/public/695c5f50ab63f5b9b84216d1/3581945f0_image.jpg","em_estoque","2","","69667d0db39702ebc6db3d09","2026-01-13T17:12:45.385000","2026-01-13T17:12:45.385000","6963b453afe3460d12b94a9a","marielemodolon24@gmail.com","false"
"Dr Botica: banho de coração 3 sabonete ","O Boticário","70683","Infantil","38.16","44.9","1","https://base44.app/api/apps/695c5f50ab63f5b9b84216d1/files/public/695c5f50ab63f5b9b84216d1/66bb7fe9b_image.jpg","em_estoque","2","","69667b622d2f3d24bd9eddf8","2026-01-13T17:05:38.917000","2026-01-13T17:05:38.917000","6963b453afe3460d12b94a9a","marielemodolon24@gmail.com","false"
"Gel 5 em 1 NBA","O Boticário","74212","Corpo","40.72","47.9","1","https://base44.app/api/apps/695c5f50ab63f5b9b84216d1/files/public/695c5f50ab63f5b9b84216d1/cd6786034_image.jpg","em_estoque","2","","6966795758ce6abcec54dec1","2026-01-13T16:56:55.471000","2026-01-13T16:56:55.471000","6963b453afe3460d12b94a9a","marielemodolon24@gmail.com","false"
"Gel de limpeza anti oleosidade ","O Boticário","56690","Rosto","55.16","64.9","1","https://base44.app/api/apps/695c5f50ab63f5b9b84216d1/files/public/695c5f50ab63f5b9b84216d1/d97d2be2b_image.jpg","em_estoque","2","","696678355af16ea7d87a37fc","2026-01-13T16:52:05.806000","2026-01-13T16:52:05.806000","6963b453afe3460d12b94a9a","marielemodolon24@gmail.com","false"
"2 em 1 shampoo/condicionador ","O Boticário","55975","Cabelo","36.46","42.9","1","https://base44.app/api/apps/695c5f50ab63f5b9b84216d1/files/public/695c5f50ab63f5b9b84216d1/366cc5b01_image.jpg","em_estoque","2","","69667767f64c3ddd4b104f8f","2026-01-13T16:48:39.678000","2026-01-13T16:48:39.678000","6963b453afe3460d12b94a9a","marielemodolon24@gmail.com","false"
"Shampoo malbec grisalhos ","O Boticário","53775","Masculino","47.52","55.9","1","https://base44.app/api/apps/695c5f50ab63f5b9b84216d1/files/public/695c5f50ab63f5b9b84216d1/e831037a0_image.jpg","em_estoque","2","","6966769a61081a9cfd01a269","2026-01-13T16:45:14.906000","2026-01-13T16:45:14.906000","6963b453afe3460d12b94a9a","marielemodolon24@gmail.com","false"
"Creme pré e pós barba men ","O Boticário","56005","Outro","50.92","59.9","2","https://base44.app/api/apps/695c5f50ab63f5b9b84216d1/files/public/695c5f50ab63f5b9b84216d1/a73120af2_image.jpg","em_estoque","2","","696675c796a40d0cd57ecd28","2026-01-13T16:41:43.104000","2026-01-13T16:41:43.104000","6963b453afe3460d12b94a9a","marielemodolon24@gmail.com","false"
"Antitranspirante men","O Boticário","47150","Outro","32.22","37.9","2","https://base44.app/api/apps/695c5f50ab63f5b9b84216d1/files/public/695c5f50ab63f5b9b84216d1/131dd1f74_image.jpg","em_estoque","2","","6966756924896041e35cfc15","2026-01-13T16:40:09.237000","2026-01-13T16:40:09.237000","6963b453afe3460d12b94a9a","marielemodolon24@gmail.com","false"
"Antitranspirante coffee","O Boticário","75808","Outro","33.92","39.9","1","https://base44.app/api/apps/695c5f50ab63f5b9b84216d1/files/public/695c5f50ab63f5b9b84216d1/0768b4386_image.jpg","em_estoque","2","","69665b47ea08034cbf1703fe","2026-01-13T14:48:39.225000","2026-01-13T14:48:39.225000","6963b453afe3460d12b94a9a","marielemodolon24@gmail.com","false"
"Body spray egeo ","O Boticário","48785","Masculino","42.42","49.9","1","https://base44.app/api/apps/695c5f50ab63f5b9b84216d1/files/public/695c5f50ab63f5b9b84216d1/9e84cb066_image.jpg","em_estoque","2","","69665a94889bd74c30e6cd60","2026-01-13T14:45:40.689000","2026-01-13T14:45:40.689000","6963b453afe3460d12b94a9a","marielemodolon24@gmail.com","false"
"Body spray malbec ","O Boticário","48785","Masculino","42.42","49.9","1","https://base44.app/api/apps/695c5f50ab63f5b9b84216d1/files/public/695c5f50ab63f5b9b84216d1/cd931e433_image.jpg","em_estoque","2","","69665a48cd2b401e91b1e110","2026-01-13T14:44:24.783000","2026-01-13T14:44:24.783000","6963b453afe3460d12b94a9a","marielemodolon24@gmail.com","false"
"Body spray connexion","O Boticário","29046","Masculino","42.42","49.9","1","https://base44.app/api/apps/695c5f50ab63f5b9b84216d1/files/public/695c5f50ab63f5b9b84216d1/ac033e696_image.jpg","em_estoque","2","","696659e45f92c7c24a2da809","2026-01-13T14:42:44.052000","2026-01-13T14:42:44.052000","6963b453afe3460d12b94a9a","marielemodolon24@gmail.com","false"
"Creme de mão nativa spa quinoa","O Boticário","48287","Outro","49.22","57.9","1","https://base44.app/api/apps/695c5f50ab63f5b9b84216d1/files/public/695c5f50ab63f5b9b84216d1/075b426b5_image.jpg","em_estoque","2","","6966592051ba6cf35a70fdb1","2026-01-13T14:39:28.780000","2026-01-13T14:39:28.780000","6963b453afe3460d12b94a9a","marielemodolon24@gmail.com","false"
"Creme de mão nativa spa ameixa ","O Boticário","48768","Outro","49.22","57.9","1","https://base44.app/api/apps/695c5f50ab63f5b9b84216d1/files/public/695c5f50ab63f5b9b84216d1/6cd872f04_image.jpg","em_estoque","2","","696658d37ffe1820dc2ffca8","2026-01-13T14:38:11.059000","2026-01-13T14:38:11.059000","6963b453afe3460d12b94a9a","marielemodolon24@gmail.com","false"
"Creme de mão reparador quem disse, berenice","O Boticário","46938","Outro","21.16","24.9","1","https://base44.app/api/apps/695c5f50ab63f5b9b84216d1/files/public/695c5f50ab63f5b9b84216d1/1a1c33373_image.jpg","em_estoque","2","","69665889aca16e48a3c236e3","2026-01-13T14:36:57.153000","2026-01-13T14:36:57.153000","6963b453afe3460d12b94a9a","marielemodolon24@gmail.com","false"
"Creme de mão rosa e algodão ","O Boticário","55426","Outro","31.36","36.9","1","https://base44.app/api/apps/695c5f50ab63f5b9b84216d1/files/public/695c5f50ab63f5b9b84216d1/e03013396_image.jpg","em_estoque","2","","69665827483053469000a6e2","2026-01-13T14:35:19.733000","2026-01-13T14:35:19.733000","6963b453afe3460d12b94a9a","marielemodolon24@gmail.com","false"
"Creme de mão lily ","O Boticário","48510","Outro","42.42","49.9","2","https://base44.app/api/apps/695c5f50ab63f5b9b84216d1/files/public/695c5f50ab63f5b9b84216d1/69b830f18_image.jpg","em_estoque","2","","69665799e96d0d892c443586","2026-01-13T14:32:57.159000","2026-01-13T14:32:57.159000","6963b453afe3460d12b94a9a","marielemodolon24@gmail.com","false"
"Antitranspirante glamour ","O Boticário","84225","Outro","33.92","39.9","1","https://base44.app/api/apps/695c5f50ab63f5b9b84216d1/files/public/695c5f50ab63f5b9b84216d1/5d104a122_image.jpg","em_estoque","2","","69665736deec59931f148ed0","2026-01-13T14:31:18.081000","2026-01-13T14:31:18.081000","6963b453afe3460d12b94a9a","marielemodolon24@gmail.com","false"
"Antitranspirante elysée","O Boticário","48653","Outro","33.91","39.9","1","https://base44.app/api/apps/695c5f50ab63f5b9b84216d1/files/public/695c5f50ab63f5b9b84216d1/80b8b12ea_image.jpg","em_estoque","2","","696656de0ed44e4bfe368e05","2026-01-13T14:29:50.429000","2026-01-13T14:29:50.429000","6963b453afe3460d12b94a9a","marielemodolon24@gmail.com","false"
"Antitranspirante lily","O Boticário","48696","Outro","33.91","39.9","2","https://base44.app/api/apps/695c5f50ab63f5b9b84216d1/files/public/695c5f50ab63f5b9b84216d1/03bc8ee42_image.jpg","em_estoque","2","","6966566ff92af3ca9af1a56f","2026-01-13T14:27:59.284000","2026-01-13T14:27:59.284000","6963b453afe3460d12b94a9a","marielemodolon24@gmail.com","false"
"Antitranspirante egeo dolce ","O Boticário","48657","Outro","33.92","39.9","2","https://base44.app/api/apps/695c5f50ab63f5b9b84216d1/files/public/695c5f50ab63f5b9b84216d1/4ac95b83c_image.jpg","em_estoque","2","","696656044797bfb572d2cb67","2026-01-13T14:26:12.874000","2026-01-13T14:26:12.874000","6963b453afe3460d12b94a9a","marielemodolon24@gmail.com","false"
"Desodorante antitranspirante invible protect","O Boticário","47146","Outro","32.21","37.9","1","https://base44.app/api/apps/695c5f50ab63f5b9b84216d1/files/public/695c5f50ab63f5b9b84216d1/31001dd96_image.jpg","em_estoque","2","","696655060eceacdcd9fb33e1","2026-01-13T14:21:58.662000","2026-01-13T14:21:58.662000","6963b453afe3460d12b94a9a","marielemodolon24@gmail.com","false"
"Desodorante antitranspirante protect & beaty","O Boticário","47144","Outro","32.22","37.9","1","https://base44.app/api/apps/695c5f50ab63f5b9b84216d1/files/public/695c5f50ab63f5b9b84216d1/727dae74f_image.jpg","em_estoque","2","","696654844e86a2fcd0af4dba","2026-01-13T14:19:48.668000","2026-01-13T14:19:48.668000","6963b453afe3460d12b94a9a","marielemodolon24@gmail.com","false"
"Creme acetinado hidratante 75g lily ","O Boticário","52668","Corpo","44.96","52.9","1","https://base44.app/api/apps/695c5f50ab63f5b9b84216d1/files/public/695c5f50ab63f5b9b84216d1/ce5d4826f_image.jpg","em_estoque","2","","696653b3cd2b401e91b1dd90","2026-01-13T14:16:19.482000","2026-01-13T14:16:19.482000","6963b453afe3460d12b94a9a","marielemodolon24@gmail.com","false"
"Refil creme acetinado lily ","O Boticário","48062","Corpo","84.91","99.9","1","https://base44.app/api/apps/695c5f50ab63f5b9b84216d1/files/public/695c5f50ab63f5b9b84216d1/74d9d5749_image.jpg","em_estoque","2","","696652eecb9e4a86ee1814d7","2026-01-13T14:13:02.030000","2026-01-13T14:13:02.030000","6963b453afe3460d12b94a9a","marielemodolon24@gmail.com","false"
"Hidratante 180ml cereja rogue ","O Boticário","57832","Cabelo","50.92","59.9","1","https://base44.app/api/apps/695c5f50ab63f5b9b84216d1/files/public/695c5f50ab63f5b9b84216d1/fca099417_image.jpg","em_estoque","2","","69665277bce65c3ee4d3aac7","2026-01-13T14:11:03.595000","2026-01-13T14:11:03.595000","6963b453afe3460d12b94a9a","marielemodolon24@gmail.com","false"
"Hidratante floratta rose 200ml ","O Boticário","48646","Corpo","56.86","66.9","1","https://base44.app/api/apps/695c5f50ab63f5b9b84216d1/files/public/695c5f50ab63f5b9b84216d1/abecacad1_image.jpg","em_estoque","2","","696652128ed9e79a38886600","2026-01-13T14:09:22.428000","2026-01-13T14:09:22.428000","6963b453afe3460d12b94a9a","marielemodolon24@gmail.com","false"
"Hidratante Liz flora ","O Boticário","57488","Corpo","63.66","74.9","1","https://base44.app/api/apps/695c5f50ab63f5b9b84216d1/files/public/695c5f50ab63f5b9b84216d1/0e2c2cf86_image.jpg","em_estoque","2","","696651aed4baff9bf73aeefd","2026-01-13T14:07:42.312000","2026-01-13T14:07:42.312000","6963b453afe3460d12b94a9a","marielemodolon24@gmail.com","false"
"Hidratante cereja livre 200ml","O Boticário","49898","Corpo","46.66","54.9","1","https://base44.app/api/apps/695c5f50ab63f5b9b84216d1/files/public/695c5f50ab63f5b9b84216d1/708389355_image.jpg","em_estoque","2","","696650e14ea2f856172b3db5","2026-01-13T14:04:17.217000","2026-01-13T14:04:17.217000","6963b453afe3460d12b94a9a","marielemodolon24@gmail.com","false"
"Hidratante leite e mel ","O Boticário","48625","Corpo","46.66","54.9","1","https://base44.app/api/apps/695c5f50ab63f5b9b84216d1/files/public/695c5f50ab63f5b9b84216d1/28a543c89_image.jpg","em_estoque","2","","69665097784a01af84f559a9","2026-01-13T14:03:03.485000","2026-01-13T14:03:03.485000","6963b453afe3460d12b94a9a","marielemodolon24@gmail.com","false"
"Hidratante quinoa  Nativa SPA 400ml","O Boticário","49954","Corpo","73.86","86.9","1","https://base44.app/api/apps/695c5f50ab63f5b9b84216d1/files/public/695c5f50ab63f5b9b84216d1/c4044877d_image.jpg","em_estoque","2","","6966502e6026417356070984","2026-01-13T14:01:18.011000","2026-01-13T14:01:18.011000","6963b453afe3460d12b94a9a","marielemodolon24@gmail.com","false"
"Hidratante nuvem 400ml","O Boticário","49888","Corpo","63.66","74.9","2","https://base44.app/api/apps/695c5f50ab63f5b9b84216d1/files/public/695c5f50ab63f5b9b84216d1/3b2806bb2_image.jpg","em_estoque","2","","69664fd67ffe1820dc2fd48d","2026-01-13T13:59:50.393000","2026-01-14T19:30:49.713000","6963b453afe3460d12b94a9a","marielemodolon24@gmail.com","false"
"Hidratante de leite 400ml","O Boticário","85124","Corpo","63.66","74.9","1","https://base44.app/api/apps/695c5f50ab63f5b9b84216d1/files/public/695c5f50ab63f5b9b84216d1/29d76ee74_image.jpg","em_estoque","2","","69664f832119d97525dcaa88","2026-01-13T13:58:27.367000","2026-01-13T13:58:27.367000","6963b453afe3460d12b94a9a","marielemodolon24@gmail.com","false"
"Hidratante 400ml morango e leite ","O Boticário","88310","Corpo","63.66","74.9","2","https://base44.app/api/apps/695c5f50ab63f5b9b84216d1/files/public/695c5f50ab63f5b9b84216d1/67b32eb5c_image.jpg","em_estoque","2","","69664f3b4ddcb1490663e55b","2026-01-13T13:57:15.524000","2026-01-13T13:57:15.524000","6963b453afe3460d12b94a9a","marielemodolon24@gmail.com","false"
"Colônia Linda Felicidade ","O Boticário","81849","Perfume","178.42","209.9","1","https://base44.app/api/apps/695c5f50ab63f5b9b84216d1/files/public/695c5f50ab63f5b9b84216d1/4790a3f41_image.jpg","em_estoque","2","","69664e67423e346b6b25ccc3","2026-01-13T13:53:43.773000","2026-01-13T13:53:43.773000","6963b453afe3460d12b94a9a","marielemodolon24@gmail.com","false"
"Colônia Lily","O Boticário","83971","Perfume","186.92","219.9","0","https://base44.app/api/apps/695c5f50ab63f5b9b84216d1/files/public/695c5f50ab63f5b9b84216d1/1e32c5e0b_image.jpg","em_estoque","2","","69664e041b90be02dc1fa40a","2026-01-13T13:52:04.716000","2026-01-13T13:52:04.716000","6963b453afe3460d12b94a9a","marielemodolon24@gmail.com","false"
"Colônia Liz sublime ","O Boticário","47339","Perfume","148.67","174.9","1","https://base44.app/api/apps/695c5f50ab63f5b9b84216d1/files/public/695c5f50ab63f5b9b84216d1/b55e604be_image.jpg","em_estoque","2","","69664d7dc2d85004434e5e90","2026-01-13T13:49:49.210000","2026-01-13T13:49:49.210000","6963b453afe3460d12b94a9a","marielemodolon24@gmail.com","false"
"Colônia floratta red blosson","O Boticário","49973","Perfume","140.17","164.9","1","https://base44.app/api/apps/695c5f50ab63f5b9b84216d1/files/public/695c5f50ab63f5b9b84216d1/fd8883dbc_image.jpg","em_estoque","2","","69664d06d11b91ef315970e9","2026-01-13T13:47:50.595000","2026-01-13T13:47:50.595000","6963b453afe3460d12b94a9a","marielemodolon24@gmail.com","false"
"Body spray Floratta Red","O Boticário","84056","Perfume","42.42","49.9","1","https://base44.app/api/apps/695c5f50ab63f5b9b84216d1/files/public/695c5f50ab63f5b9b84216d1/413d93d5f_image.jpg","em_estoque","2","","69664c98bfc72c15ff5ef8b9","2026-01-13T13:46:00.800000","2026-01-13T13:46:00.800000","6963b453afe3460d12b94a9a","marielemodolon24@gmail.com","false"
"Body spray floratta blue ","O Boticário","51531","Perfume","42.42","49.9","1","https://base44.app/api/apps/695c5f50ab63f5b9b84216d1/files/public/695c5f50ab63f5b9b84216d1/0c9f21827_image.jpg","em_estoque","2","","69664c4fd81fa3bfb1ad97b6","2026-01-13T13:44:47.273000","2026-01-13T13:44:47.273000","6963b453afe3460d12b94a9a","marielemodolon24@gmail.com","false"
"Body spray Egeo Dolce ","O Boticário","74893","Perfume","42.42","49.9","1","https://base44.app/api/apps/695c5f50ab63f5b9b84216d1/files/public/695c5f50ab63f5b9b84216d1/6e1d3b7f9_image.jpg","em_estoque","2","","69664bcd583c3cbfd7ba7231","2026-01-13T13:42:37.467000","2026-01-13T13:42:37.467000","6963b453afe3460d12b94a9a","marielemodolon24@gmail.com","false"
"Body splash ","O Boticário","51239","Perfume","78.96","92.9","1","https://base44.app/api/apps/695c5f50ab63f5b9b84216d1/files/public/695c5f50ab63f5b9b84216d1/c68640e29_image.jpg","em_estoque","2","","69664b6040105234262c58c7","2026-01-13T13:40:48.842000","2026-01-13T13:40:48.842000","6963b453afe3460d12b94a9a","marielemodolon24@gmail.com","false"
"Body splash de leite ","O Boticário","50881","Perfume","92.9","78.96","1","https://base44.app/api/apps/695c5f50ab63f5b9b84216d1/files/public/695c5f50ab63f5b9b84216d1/af2157089_image.jpg","em_estoque","2","","69664b1cf174cf058e5c7ce8","2026-01-13T13:39:40.202000","2026-01-13T13:39:40.202000","6963b453afe3460d12b94a9a","marielemodolon24@gmail.com","false"
"Loção banho e pós banho ","O Boticário","52022","Infantil","52.61","61.9","1","https://base44.app/api/apps/695c5f50ab63f5b9b84216d1/files/public/695c5f50ab63f5b9b84216d1/9953314fa_image.jpg","em_estoque","2","","69664a82b37604f0ab1f2b50","2026-01-13T13:37:06.121000","2026-01-13T13:37:06.121000","6963b453afe3460d12b94a9a","marielemodolon24@gmail.com","false"
"Sabonete 4 unidades morango e leite ","O Boticário","88311","Corpo","31.36","36.9","1","https://base44.app/api/apps/695c5f50ab63f5b9b84216d1/files/public/695c5f50ab63f5b9b84216d1/e6dbbd735_image.jpg","em_estoque","2","","69664850042689fbceeeabc0","2026-01-13T13:27:44.539000","2026-01-13T13:27:44.539000","6963b453afe3460d12b94a9a","marielemodolon24@gmail.com","false"
"Sabonete 4 unidades de leite ","O Boticário","85564","Corpo","31.36","36.9","0","https://base44.app/api/apps/695c5f50ab63f5b9b84216d1/files/public/695c5f50ab63f5b9b84216d1/a8e05d341_image.jpg","em_estoque","2","","6966479491830e67cfd75425","2026-01-13T13:24:36.981000","2026-01-13T13:24:36.981000","6963b453afe3460d12b94a9a","marielemodolon24@gmail.com","false"
"Sabonete 2 unidades De leite ","O Boticário","85120","Corpo","20.32","23.9","2","https://base44.app/api/apps/695c5f50ab63f5b9b84216d1/files/public/695c5f50ab63f5b9b84216d1/7b5f93265_image.jpg","em_estoque","2","","69664718ef3f8b6009e7c49a","2026-01-13T13:22:32.441000","2026-01-13T13:22:32.441000","6963b453afe3460d12b94a9a","marielemodolon24@gmail.com","false"
"Sabonete rosa e algodão 2 unidades ","O Boticário","51166","Corpo","20.32","23.9","1","https://base44.app/api/apps/695c5f50ab63f5b9b84216d1/files/public/695c5f50ab63f5b9b84216d1/d28f455f5_image.jpg","em_estoque","2","","6966465051ba6cf35a70c8d2","2026-01-13T13:19:12.397000","2026-01-13T13:19:12.397000","6963b453afe3460d12b94a9a","marielemodolon24@gmail.com","false"
"Sabonete líquido mamãe e bebê 50 ml","Natura","92817","Infantil","37.45","53.5","0","https://base44.app/api/apps/695c5f50ab63f5b9b84216d1/files/public/695c5f50ab63f5b9b84216d1/f942f8798_image.jpg","sem_estoque","3","2026-01-13T11:48:18.776Z","696530cb2420591424431d3d","2026-01-12T17:35:07.093000","2026-01-13T11:48:18.921000","6963b453afe3460d12b94a9a","marielemodolon24@gmail.com","false"
"Colônia mamãe e bebê 50ml","Natura","92816","Infantil","37.45","53.5","1","https://base44.app/api/apps/695c5f50ab63f5b9b84216d1/files/public/695c5f50ab63f5b9b84216d1/514dab39a_image.jpg","em_estoque","1","","69653024748b38473f573994","2026-01-12T17:32:20.149000","2026-01-12T17:37:35.637000","6963b453afe3460d12b94a9a","marielemodolon24@gmail.com","false"
"Creme de pentear cachinhos ","Natura","167173","Infantil","34.65","49.5","1","https://base44.app/api/apps/695c5f50ab63f5b9b84216d1/files/public/695c5f50ab63f5b9b84216d1/5ec3c96f8_image.jpg","em_estoque","2","2026-01-12T18:02:55.301Z","69652cdb7ae06992868d006f","2026-01-12T17:18:19.941000","2026-01-12T18:02:55.756000","6963b453afe3460d12b94a9a","marielemodolon24@gmail.com","false"
"Shampoo infantil cachinhos ","Natura","166870","Infantil","32.13","45.9","0","https://base44.app/api/apps/695c5f50ab63f5b9b84216d1/files/public/695c5f50ab63f5b9b84216d1/1f825aae5_image.jpg","sem_estoque","2","2026-01-12T18:02:55.703Z","69652c6ef89672d641ca259a","2026-01-12T17:16:30.971000","2026-01-12T18:02:56.264000","6963b453afe3460d12b94a9a","marielemodolon24@gmail.com","false"
"Condicionador infantil cachinhos ","Natura","166871","Infantil","32.13","45.9","1","https://base44.app/api/apps/695c5f50ab63f5b9b84216d1/files/public/695c5f50ab63f5b9b84216d1/09f52d769_image.jpg","em_estoque","1","","69652bc11300a9a2c161f922","2026-01-12T17:13:37.081000","2026-01-12T17:13:37.081000","6963b453afe3460d12b94a9a","marielemodolon24@gmail.com","false"
"Batom cookie nude","Natura","77992","Outro","16.73","23.9","1","","em_estoque","1","","696529a4be11e107f60190d0","2026-01-12T17:04:36.310000","2026-01-12T17:04:36.310000","6963b453afe3460d12b94a9a","marielemodolon24@gmail.com","false"
" Batom Bege fresh","Natura","116200","Outro","16.73","23.9","1","","em_estoque","1","","696529114acf76237a9c0db3","2026-01-12T17:02:09.235000","2026-01-12T17:02:09.235000","6963b453afe3460d12b94a9a","marielemodolon24@gmail.com","false"
"Batom kiss me ","Natura","116195","Outro","16.73","23.9","1","","em_estoque","1","","696528b3c4dd0d616d2959bc","2026-01-12T17:00:35.729000","2026-01-12T17:00:35.729000","6963b453afe3460d12b94a9a","marielemodolon24@gmail.com","false"
"Batom hey honey","Natura","167186","Outro","16.73","23.9","1","","em_estoque","1","","69652880fad468ffea5f4675","2026-01-12T16:59:44.764000","2026-01-12T16:59:44.764000","6963b453afe3460d12b94a9a","marielemodolon24@gmail.com","false"
"Protetor solar pele normal a seca ","Natura","176905","Rosto","38.47","109.9","2","https://base44.app/api/apps/695c5f50ab63f5b9b84216d1/files/public/695c5f50ab63f5b9b84216d1/ba741df0d_image.jpg","em_estoque","2","","6965278ac08d38423ae237df","2026-01-12T16:55:38.882000","2026-01-12T16:55:38.882000","6963b453afe3460d12b94a9a","marielemodolon24@gmail.com","false"
"Protetor solar controle de oleosidade ","Natura","186435","Rosto","38.47","109.9","1","https://base44.app/api/apps/695c5f50ab63f5b9b84216d1/files/public/695c5f50ab63f5b9b84216d1/e71257f83_image.jpg","em_estoque","1","","696525bf147ed84a04a3a3be","2026-01-12T16:47:59.658000","2026-01-12T16:47:59.658000","6963b453afe3460d12b94a9a","marielemodolon24@gmail.com","false"
"Desodorante roll natura homem","Natura","150225","Corpo","13.93","29.9","1","","em_estoque","1","","6965248d45cdaffb5c1ea2b2","2026-01-12T16:42:53.360000","2026-01-12T16:42:53.360000","6963b453afe3460d12b94a9a","marielemodolon24@gmail.com","false"
"Kit sabonete x hidratante labial","Natura","238536","Corpo","38.43","70.8","1","https://base44.app/api/apps/695c5f50ab63f5b9b84216d1/files/public/695c5f50ab63f5b9b84216d1/1888dc203_image.jpg","em_estoque","1","","696523ea3b6f19832925b146","2026-01-12T16:40:10.658000","2026-01-12T16:40:10.658000","6963b453afe3460d12b94a9a","marielemodolon24@gmail.com","false"
"Kit sabonete X desodorante rolo","Natura","238537","Corpo","27.93","64.8","1","https://base44.app/api/apps/695c5f50ab63f5b9b84216d1/files/public/695c5f50ab63f5b9b84216d1/bd1093a57_image.jpg","em_estoque","1","","6965235ded23d2e7c419ca3e","2026-01-12T16:37:49.779000","2026-01-12T16:37:49.779000","6963b453afe3460d12b94a9a","marielemodolon24@gmail.com","false"
"Hidratante corporal tâmara e canela 200g","Natura","23153","Corpo","27.23","56.9","2","https://base44.app/api/apps/695c5f50ab63f5b9b84216d1/files/public/695c5f50ab63f5b9b84216d1/fbaa7cbd6_image.jpg","em_estoque","2","","696522a05d8615dc01dd567e","2026-01-12T16:34:40.352000","2026-01-12T16:34:40.352000","6963b453afe3460d12b94a9a","marielemodolon24@gmail.com","false"
"Hidratante de corpo Cássia e avelã 200mg","Natura","23152","Corpo","25.43","56.9","3","https://base44.app/api/apps/695c5f50ab63f5b9b84216d1/files/public/695c5f50ab63f5b9b84216d1/efa9237d5_image.jpg","em_estoque","2","","696521d39e31361cd248d195","2026-01-12T16:31:15.199000","2026-01-12T16:31:15.199000","6963b453afe3460d12b94a9a","marielemodolon24@gmail.com","false"
"Hid des corpo 200ml macadâmia ","Natura","23081","Corpo","27.23","56.9","2","https://base44.app/api/apps/695c5f50ab63f5b9b84216d1/files/public/695c5f50ab63f5b9b84216d1/5e767ced1_image.jpg","em_estoque","2","","69650a7187258df0369e4d96","2026-01-12T14:51:29.949000","2026-01-12T14:51:29.949000","6963b453afe3460d12b94a9a","marielemodolon24@gmail.com","false"
"Creme desodorante macadâmia invisível 80g ","Natura","1925","Corpo","14.63","30.9","1","https://base44.app/api/apps/695c5f50ab63f5b9b84216d1/files/public/695c5f50ab63f5b9b84216d1/528dbb3d7_image.jpg","em_estoque","1","","6965099d17ca0809ae769503","2026-01-12T14:47:57.219000","2026-01-12T14:47:57.219000","6963b453afe3460d12b94a9a","marielemodolon24@gmail.com","false"
"Refil sabonete líquido mmbb","Natura","92802","Infantil","19.53","39.9","2","https://base44.app/api/apps/695c5f50ab63f5b9b84216d1/files/public/695c5f50ab63f5b9b84216d1/cc0cdc82e_image.jpg","em_estoque","2","","69650836f797ce746aef5f28","2026-01-12T14:41:58.196000","2026-01-12T14:41:58.196000","6963b453afe3460d12b94a9a","marielemodolon24@gmail.com","false"
"Refil shampoo mmbb","Natura","92791","Infantil","20.23","36.7","0","https://base44.app/api/apps/695c5f50ab63f5b9b84216d1/files/public/695c5f50ab63f5b9b84216d1/49b230b07_image.jpg","sem_estoque","1","2026-01-19T20:33:14.526Z","696507d4b9a23d1a4af6c3c4","2026-01-12T14:40:20.838000","2026-01-19T20:33:14.732000","6963b453afe3460d12b94a9a","marielemodolon24@gmail.com","false"
"Hidratante mmbb","Natura","92804","Perfume","48.93","69.9","1","https://base44.app/api/apps/695c5f50ab63f5b9b84216d1/files/public/695c5f50ab63f5b9b84216d1/0a5316c73_image.jpg","em_estoque","1","","696507031b0f82506071d6cb","2026-01-12T14:36:51.717000","2026-01-12T14:36:51.717000","6963b453afe3460d12b94a9a","marielemodolon24@gmail.com","false"
"Sabonete em barra mmbb 5 unidade","Natura","92795","Infantil","36.33","51.9","1","https://base44.app/api/apps/695c5f50ab63f5b9b84216d1/files/public/695c5f50ab63f5b9b84216d1/7c7c35f26_image.jpg","em_estoque","1","","69650698b9a23d1a4af6c329","2026-01-12T14:35:04.106000","2026-01-12T14:35:04.106000","6963b453afe3460d12b94a9a","marielemodolon24@gmail.com","false"
"Shampoo mmbb 200ml","Natura","92790","Infantil","32.13","45.9","1","https://base44.app/api/apps/695c5f50ab63f5b9b84216d1/files/public/695c5f50ab63f5b9b84216d1/ce1990857_image.jpg","em_estoque","1","","69650633ffcc1c25245d0d52","2026-01-12T14:33:23.216000","2026-01-12T14:33:23.216000","6963b453afe3460d12b94a9a","marielemodolon24@gmail.com","false"
"Colônia mamãe e bebê ","Natura","92786","Infantil","74.83","106.9","2","https://base44.app/api/apps/695c5f50ab63f5b9b84216d1/files/public/695c5f50ab63f5b9b84216d1/c9a08dbe8_image.jpg","em_estoque","3","2026-01-20T13:03:30.571Z","696505b0e2ba2853f187d205","2026-01-12T14:31:12.544000","2026-01-20T13:03:30.931000","6963b453afe3460d12b94a9a","marielemodolon24@gmail.com","false"
"Kit lumina sha/ cond  hidrat","Natura","204411","Cabelo","38.81","108.8","1","https://base44.app/api/apps/695c5f50ab63f5b9b84216d1/files/public/695c5f50ab63f5b9b84216d1/9f6b6341d_image.jpg","em_estoque","1","","696505023c4ed80da3f36f16","2026-01-12T14:28:18.388000","2026-01-12T14:28:18.388000","6963b453afe3460d12b94a9a","marielemodolon24@gmail.com","false"
"Sab sortidos 5x ","Natura","164382","Corpo","28.63","40.9","1","https://base44.app/api/apps/695c5f50ab63f5b9b84216d1/files/public/695c5f50ab63f5b9b84216d1/deede11b8_image.jpg","em_estoque","1","","696504286e7b4c9de4fe792e","2026-01-12T14:24:40.785000","2026-01-12T14:24:40.785000","6963b453afe3460d12b94a9a","marielemodolon24@gmail.com","false"
"Sab sortidos 6x ","Natura","170816","Corpo","37.03","54","1","https://base44.app/api/apps/695c5f50ab63f5b9b84216d1/files/public/695c5f50ab63f5b9b84216d1/f702c3ab6_image.jpg","em_estoque","1","","696503bbcfe154363e15c3b1","2026-01-12T14:22:51.054000","2026-01-12T14:22:51.054000","6963b453afe3460d12b94a9a","marielemodolon24@gmail.com","false"
"Sab barra erva doce ","Natura","155896","Corpo","35.63","54.9","1","https://base44.app/api/apps/695c5f50ab63f5b9b84216d1/files/public/695c5f50ab63f5b9b84216d1/9c27e98e8_image.jpg","em_estoque","1","","696502ff64eeb9d501021378","2026-01-12T14:19:43.199000","2026-01-12T14:19:43.199000","6963b453afe3460d12b94a9a","marielemodolon24@gmail.com","false"
"Colônia eudora h energy ","Eudora","94052","Perfume","59.92","114.9","1","https://base44.app/api/apps/695c5f50ab63f5b9b84216d1/files/public/695c5f50ab63f5b9b84216d1/66a469b76_image.jpg","em_estoque","1","","6964f6298168817274cc0d70","2026-01-12T13:24:57.027000","2026-01-12T13:24:57.027000","6963b453afe3460d12b94a9a","marielemodolon24@gmail.com","false"
"Colônia bad intestino","O Boticário","51432","Perfume","89.92","154.9","1","https://base44.app/api/apps/695c5f50ab63f5b9b84216d1/files/public/695c5f50ab63f5b9b84216d1/9d482d3d5_image.jpg","em_estoque","1","","6964f3578ec672198df5ff5b","2026-01-12T13:12:55.059000","2026-01-12T13:12:55.059000","6963b453afe3460d12b94a9a","marielemodolon24@gmail.com","false"
"Colônia pulse boots","Eudora","54191","Perfume","52.42","90","1","https://base44.app/api/apps/695c5f50ab63f5b9b84216d1/files/public/695c5f50ab63f5b9b84216d1/da0763a18_image.jpg","em_estoque","1","","6964f2bd15dd55f3564e125a","2026-01-12T13:10:21.133000","2026-01-12T13:10:21.133000","6963b453afe3460d12b94a9a","marielemodolon24@gmail.com","false"
"Colônia lyra 75ml","Eudora","87453","Perfume","82.43","169.9","1","https://base44.app/api/apps/695c5f50ab63f5b9b84216d1/files/public/695c5f50ab63f5b9b84216d1/b7618bc0a_image.jpg","em_estoque","1","","6964f18e76d8df73588db2f5","2026-01-12T13:05:18.668000","2026-01-12T13:06:52.777000","6963b453afe3460d12b94a9a","marielemodolon24@gmail.com","false"
"Colônia velvet sensual","Eudora","50762","Perfume","71.18","124.9","0","https://base44.app/api/apps/695c5f50ab63f5b9b84216d1/files/public/695c5f50ab63f5b9b84216d1/05e6e6b1e_image.jpg","sem_estoque","1","2026-01-19T20:00:48.931Z","6964f0d93fdca7c26d06e3c7","2026-01-12T13:02:17.445000","2026-01-19T20:00:49.198000","6963b453afe3460d12b94a9a","marielemodolon24@gmail.com","false"
"Perfume magnífc violet","Eudora","71286","Perfume","78.68","139.9","1","https://base44.app/api/apps/695c5f50ab63f5b9b84216d1/files/public/695c5f50ab63f5b9b84216d1/0bcf67b10_image.jpg","em_estoque","1","","6964f03ffa6b2461473afae7","2026-01-12T12:59:43.240000","2026-01-12T12:59:43.240000","6963b453afe3460d12b94a9a","marielemodolon24@gmail.com","false"
"Colônia Diva fabulosa ","Eudora","52107","Perfume","71.18","144.9","1","https://base44.app/api/apps/695c5f50ab63f5b9b84216d1/files/public/695c5f50ab63f5b9b84216d1/3e2aba5f8_image.jpg","em_estoque","1","","6964efbac32f548882dd1a7d","2026-01-12T12:57:30.193000","2026-01-12T12:57:30.193000","6963b453afe3460d12b94a9a","marielemodolon24@gmail.com","false"
"Creme mão la piel ","Eudora","93081","Corpo","16.42","35","2","https://base44.app/api/apps/695c5f50ab63f5b9b84216d1/files/public/695c5f50ab63f5b9b84216d1/4e5e4994d_image.jpg","em_estoque","2","","6964ef0b4fb99c4d94d0c40d","2026-01-12T12:54:35.774000","2026-01-12T12:54:35.774000","6963b453afe3460d12b94a9a","marielemodolon24@gmail.com","false"
"Potencializador 30 ml siage ","Eudora","85756","Cabelo","14.92","40","1","https://base44.app/api/apps/695c5f50ab63f5b9b84216d1/files/public/695c5f50ab63f5b9b84216d1/30107edc7_image.jpg","em_estoque","1","","6964ee230e6d2f49c6f92e5b","2026-01-12T12:50:43.276000","2026-01-12T12:50:43.276000","6963b453afe3460d12b94a9a","marielemodolon24@gmail.com","false"
"Leave in siage ","Eudora","53096","Cabelo","33.68","65","1","https://base44.app/api/apps/695c5f50ab63f5b9b84216d1/files/public/695c5f50ab63f5b9b84216d1/b769989d5_image.jpg","em_estoque","1","","6964edc3d96196bea687e0d2","2026-01-12T12:49:07.111000","2026-01-12T12:49:07.112000","6963b453afe3460d12b94a9a","marielemodolon24@gmail.com","false"
"Finalizador  siage 300ml","Eudora","58312","Cabelo","33.68","63","0","https://base44.app/api/apps/695c5f50ab63f5b9b84216d1/files/public/695c5f50ab63f5b9b84216d1/dc36a0581_image.jpg","em_estoque","1","","6964ed5fc7f0603b089df0fb","2026-01-12T12:47:27.138000","2026-01-12T12:47:27.138000","6963b453afe3460d12b94a9a","marielemodolon24@gmail.com","false"
"Creme de pentear siage ","Eudora","58311","Cabelo","26.18","50","1","https://base44.app/api/apps/695c5f50ab63f5b9b84216d1/files/public/695c5f50ab63f5b9b84216d1/3e927f8c4_image.jpg","em_estoque","1","","6964ec20f605982d088d5823","2026-01-12T12:42:08.799000","2026-01-12T12:42:08.799000","6963b453afe3460d12b94a9a","marielemodolon24@gmail.com","false"
"Shampoo siàge liso intenso 250ml","Eudora","53504","Cabelo","33.74","45","1","https://base44.app/api/apps/695c5f50ab63f5b9b84216d1/files/public/695c5f50ab63f5b9b84216d1/4b70988f9_image.jpg","em_estoque","1","","6964eb90a384c15dfeffc621","2026-01-12T12:39:44.515000","2026-01-12T12:39:44.515000","6963b453afe3460d12b94a9a","marielemodolon24@gmail.com","false"
"Hidratante ameixa e praliné","Eudora","58839","Rosto","39.68","59","1","https://base44.app/api/apps/695c5f50ab63f5b9b84216d1/files/public/695c5f50ab63f5b9b84216d1/27a7ff81f_image.jpg","em_estoque","1","","6964e989b8b15f3dd87bc04b","2026-01-12T12:31:05.060000","2026-01-12T12:31:05.060000","6963b453afe3460d12b94a9a","marielemodolon24@gmail.com","false"
"Antitranspirante Eudora frutas vermelhas ","Eudora","86035","Corpo","20.92","35","1","https://base44.app/api/apps/695c5f50ab63f5b9b84216d1/files/public/695c5f50ab63f5b9b84216d1/0435f94c2_image.jpg","em_estoque","1","","6964e8d2d6514bbbbeca4ba1","2026-01-12T12:28:02.095000","2026-01-12T12:28:02.095000","6963b453afe3460d12b94a9a","marielemodolon24@gmail.com","false"
"Pós barba eudora pulse ","Eudora","53013","Rosto","26.18","50","1","https://base44.app/api/apps/695c5f50ab63f5b9b84216d1/files/public/695c5f50ab63f5b9b84216d1/8af4314ec_image.jpg","em_estoque","1","","6964e81e95e5cc4543808fd9","2026-01-12T12:25:02.381000","2026-01-12T12:25:02.381000","6963b453afe3460d12b94a9a","marielemodolon24@gmail.com","false"
"Óleo bifásico corporal cereja e amêndoas 200ml","Eudora","","Corpo","41.92","63","1","https://base44.app/api/apps/695c5f50ab63f5b9b84216d1/files/public/695c5f50ab63f5b9b84216d1/6889d675a_image.jpg","em_estoque","1","","6964e797afbc52e5eab86724","2026-01-12T12:22:47.616000","2026-01-12T12:25:38.224000","6963b453afe3460d12b94a9a","marielemodolon24@gmail.com","false"
"Desodorante creme karitê 80g ","Eudora","86042","Corpo","16.42","27","1","https://base44.app/api/apps/695c5f50ab63f5b9b84216d1/files/public/695c5f50ab63f5b9b84216d1/93e960e78_image.jpg","em_estoque","1","","6964e73731f31c6a00d2e381","2026-01-12T12:21:11.354000","2026-01-12T12:21:11.354000","6963b453afe3460d12b94a9a","marielemodolon24@gmail.com","false"
"Sabonete  cereja e amêndoas 4 unidades ","Eudora","","Outro","22.42","33","1","https://base44.app/api/apps/695c5f50ab63f5b9b84216d1/files/public/695c5f50ab63f5b9b84216d1/2257c7226_image.jpg","em_estoque","1","","6964e6c0380978d9f998d3ac","2026-01-12T12:19:12.916000","2026-01-12T12:19:12.916000","6963b453afe3460d12b94a9a","marielemodolon24@gmail.com","false"
"Sabonete maracujá eudora 4 unidades","Eudora","85313","Outro","22.42","33","1","https://base44.app/api/apps/695c5f50ab63f5b9b84216d1/files/public/695c5f50ab63f5b9b84216d1/0f92c7a34_image.jpg","em_estoque","1","","6964e64714985b2bada3e9b5","2026-01-12T12:17:11.354000","2026-01-12T12:17:11.354000","6963b453afe3460d12b94a9a","marielemodolon24@gmail.com","false"
"Condicionador siage men hidratação ","Eudora","52190","Cabelo","27.68","44","1","https://base44.app/api/apps/695c5f50ab63f5b9b84216d1/files/public/695c5f50ab63f5b9b84216d1/c3d7dda94_image.jpg","em_estoque","1","","6964e5a10b2d8252f4316321","2026-01-12T12:14:25.443000","2026-01-12T12:14:25.443000","6963b453afe3460d12b94a9a","marielemodolon24@gmail.com","false"
"Shampoo siage men estimula o crescimento","Eudora","52213","Cabelo","22.42","42","2","https://base44.app/api/apps/695c5f50ab63f5b9b84216d1/files/public/695c5f50ab63f5b9b84216d1/3b38f8453_image.jpg","em_estoque","2","","6964e47b3439a3076070f941","2026-01-12T12:09:31.157000","2026-01-12T12:09:31.157000","6963b453afe3460d12b94a9a","marielemodolon24@gmail.com","false"